<?xml version="1.0"?>
<?mso-application progid="Excel.Sheet"?>
<Workbook xmlns="urn:schemas-microsoft-com:office:spreadsheet"
 xmlns:o="urn:schemas-microsoft-com:office:office"
 xmlns:x="urn:schemas-microsoft-com:office:excel"
 xmlns:ss="urn:schemas-microsoft-com:office:spreadsheet"
 xmlns:html="http://www.w3.org/TR/REC-html40">
 <DocumentProperties xmlns="urn:schemas-microsoft-com:office:office">
  <LastAuthor>John</LastAuthor>
  <LastSaved>2014-02-17T20:29:51Z</LastSaved>
  <Version>12.00</Version>
 </DocumentProperties>
 <OfficeDocumentSettings xmlns="urn:schemas-microsoft-com:office:office">
  <DownloadComponents/>
  <LocationOfComponents HRef="/"/>
 </OfficeDocumentSettings>
 <ExcelWorkbook xmlns="urn:schemas-microsoft-com:office:excel">
  <WindowHeight>4605</WindowHeight>
  <WindowWidth>14355</WindowWidth>
  <WindowTopX>360</WindowTopX>
  <WindowTopY>195</WindowTopY>
  <RefModeR1C1/>
  <ProtectStructure>False</ProtectStructure>
  <ProtectWindows>False</ProtectWindows>
 </ExcelWorkbook>
 <Styles>
  <Style ss:ID="Default" ss:Name="Normal">
   <Alignment ss:Vertical="Bottom"/>
   <Borders/>
   <Font ss:FontName="Arial" x:Family="Swiss"/>
   <Interior/>
   <NumberFormat/>
   <Protection/>
  </Style>
  <Style ss:ID="s62" ss:Name="Normal 2">
   <Alignment ss:Vertical="Bottom"/>
   <Borders/>
   <Interior/>
   <NumberFormat/>
   <Protection/>
  </Style>
  <Style ss:ID="s63" ss:Name="Normal 2 2">
   <Alignment ss:Vertical="Bottom"/>
   <Borders/>
   <Font ss:FontName="Arial" x:Family="Swiss"/>
   <Interior/>
   <NumberFormat/>
   <Protection/>
  </Style>
  <Style ss:ID="s64" ss:Name="Normal_Sheet1">
   <Alignment ss:Vertical="Bottom"/>
   <Borders/>
   <Font ss:FontName="Arial" x:Family="Swiss"/>
   <Interior/>
   <NumberFormat/>
   <Protection/>
  </Style>
  <Style ss:ID="s65">
   <Borders/>
  </Style>
  <Style ss:ID="s66">
   <Alignment ss:Horizontal="Center" ss:Vertical="Center"/>
   <Borders>
    <Border ss:Position="Bottom" ss:LineStyle="Continuous" ss:Weight="3"/>
    <Border ss:Position="Left" ss:LineStyle="Continuous" ss:Weight="3"/>
    <Border ss:Position="Right" ss:LineStyle="Continuous" ss:Weight="3"/>
    <Border ss:Position="Top" ss:LineStyle="Continuous" ss:Weight="3"/>
   </Borders>
   <Interior ss:Color="#C0C0C0" ss:Pattern="Solid"/>
  </Style>
  <Style ss:ID="s67">
   <Alignment ss:Horizontal="Center" ss:Vertical="Center"/>
   <Borders>
    <Border ss:Position="Bottom" ss:LineStyle="Continuous" ss:Weight="3"/>
    <Border ss:Position="Left" ss:LineStyle="Continuous" ss:Weight="3"/>
    <Border ss:Position="Right" ss:LineStyle="Continuous" ss:Weight="3"/>
    <Border ss:Position="Top" ss:LineStyle="Continuous" ss:Weight="3"/>
   </Borders>
   <Font ss:FontName="Arial" x:CharSet="238" x:Family="Swiss"/>
   <Interior ss:Color="#C0C0C0" ss:Pattern="Solid"/>
  </Style>
  <Style ss:ID="s69" ss:Parent="s64">
   <Font ss:FontName="Arial" x:Family="Swiss"/>
   <Interior/>
   <NumberFormat ss:Format="@"/>
  </Style>
  <Style ss:ID="s70" ss:Parent="s64">
   <Interior/>
   <NumberFormat ss:Format="@"/>
  </Style>
  <Style ss:ID="s71">
   <Protection ss:Protected="0"/>
  </Style>
  <Style ss:ID="s72">
   <Borders/>
   <Interior/>
  </Style>
  <Style ss:ID="s75">
   <Alignment ss:Vertical="Bottom"/>
   <Borders/>
  </Style>
  <Style ss:ID="s77" ss:Parent="s63">
   <Alignment ss:Vertical="Center" ss:WrapText="1"/>
   <Interior/>
  </Style>
  <Style ss:ID="s78" ss:Parent="s63">
   <Borders/>
   <Interior/>
  </Style>
  <Style ss:ID="s79" ss:Parent="s63">
   <Alignment ss:Vertical="Center"/>
   <Interior/>
  </Style>
  <Style ss:ID="s80">
   <Alignment ss:Horizontal="Center" ss:Vertical="Center"/>
   <Borders>
    <Border ss:Position="Left" ss:LineStyle="Continuous" ss:Weight="3"/>
    <Border ss:Position="Right" ss:LineStyle="Continuous" ss:Weight="3"/>
   </Borders>
   <Interior ss:Color="#C0C0C0" ss:Pattern="Solid"/>
  </Style>
 </Styles>
 <Worksheet ss:Name="Sheet1">
  <Table ss:ExpandedColumnCount="7" ss:ExpandedRowCount="258" x:FullColumns="1"
   x:FullRows="1" ss:DefaultRowHeight="13.3125">
   <Column ss:AutoFitWidth="0" ss:Width="220.5"/>
   <Column ss:AutoFitWidth="0" ss:Width="150" ss:Span="1"/>
   <Column ss:Index="4" ss:AutoFitWidth="0" ss:Width="210.75"/>
   <Column ss:AutoFitWidth="0" ss:Width="258"/>
   <Column ss:AutoFitWidth="0" ss:Width="150"/>
   <Column ss:Width="69"/>
   <Row ss:AutoFitHeight="0">
    <Cell ss:StyleID="s63"><Data ss:Type="String">Name</Data></Cell>
    <Cell ss:StyleID="s63"><Data ss:Type="String">Sell value</Data></Cell>
    <Cell ss:StyleID="s63"><Data ss:Type="String">Alenium value</Data></Cell>
    <Cell ss:StyleID="s64"><Data ss:Type="String">Type</Data></Cell>
    <Cell ss:StyleID="s64"><Data ss:Type="String">Image</Data></Cell>
    <Cell ss:StyleID="s63"><Data ss:Type="String">DestroyText</Data></Cell>
	<Cell ss:StyleID="s80"><Data ss:Type="String">Storage space</Data></Cell>
   </Row>
   <Row ss:AutoFitHeight="0">
    <Cell ss:StyleID="s74"><Data ss:Type="String">ammo.gbe</Data></Cell>
    <Cell ss:StyleID="s71"><Data ss:Type="Number">0</Data></Cell>
    <Cell ss:StyleID="s71"/>
    <Cell ss:StyleID="s71"><Data ss:Type="String">UnlimitedOnResearch</Data></Cell>
    <Cell ss:StyleID="s71"><Data ss:Type="String">weapons/airplane/rocket</Data></Cell>
    <Cell ss:StyleID="s72"><Data ss:Type="String">Item.Dispose.Destroyed</Data></Cell>
    <Cell ss:StyleID="s71"><Data ss:Type="Number">1</Data></Cell>
   </Row>
   <Row ss:AutoFitHeight="0">
    <Cell ss:StyleID="s75"><Data ss:Type="String">weapon.gbe</Data></Cell>
    <Cell ss:StyleID="s71"><Data ss:Type="Number">0</Data></Cell>
    <Cell ss:StyleID="s71"/>
    <Cell ss:StyleID="s71"><Data ss:Type="String">UnlimitedOnResearch</Data></Cell>
    <Cell ss:StyleID="s71"><Data ss:Type="String">weapons/airplane/rocket</Data></Cell>
    <Cell ss:StyleID="s72"><Data ss:Type="String">Item.Dispose.Destroyed</Data></Cell>
    <Cell ss:StyleID="s71"><Data ss:Type="Number">1</Data></Cell>
   </Row>
</Table>
  <WorksheetOptions xmlns="urn:schemas-microsoft-com:office:excel">
   <Unsynced/>
   <Print>
    <ValidPrinterInfo/>
    <PaperSizeIndex>9</PaperSizeIndex>
    <HorizontalResolution>300</HorizontalResolution>
    <VerticalResolution>600</VerticalResolution>
   </Print>
   <Selected/>
   <FreezePanes/>
   <FrozenNoSplit/>
   <SplitHorizontal>1</SplitHorizontal>
   <TopRowBottomPane>1</TopRowBottomPane>
   <ActivePane>2</ActivePane>
   <Panes>
    <Pane>
     <Number>3</Number>
    </Pane>
    <Pane>
     <Number>2</Number>
     <ActiveRow>14</ActiveRow>
     <ActiveCol>3</ActiveCol>
    </Pane>
   </Panes>
   <ProtectObjects>False</ProtectObjects>
   <ProtectScenarios>False</ProtectScenarios>
  </WorksheetOptions>
  <DataValidation xmlns="urn:schemas-microsoft-com:office:excel">
   <Range>R2C4:R3C4</Range>
   <Type>List</Type>
   <CellRangeList/>
   <Value>&quot;Normal,Capped,Uncapped,Airplane,Vehicle,Unlimited,UnlimitedOnResearch&quot;</Value>
   <ErrorMessage>Please use the combo box to select the type.</ErrorMessage>
   <ErrorTitle>Invalid value!</ErrorTitle>
  </DataValidation>
 </Worksheet>
</Workbook>

