<?xml version="1.0"?>
<ModInfo>
	<Name>Graviton Beam Emitter</Name>
	<VisibleName>New Game+ Graviton Beam Emitter</VisibleName>
	<Author>Reactorcore</Author>
	<Version>6th Release</Version>
	
<Description>Adds the Graviton Beam Emitter, a BLAME! inspired weapon for soldier use.

Changes the gameplay into a more fast-paced, reckless and overkill experience overall. You get the weapon after researching Alien Plasma Rifle, which is very early on.

The weapon is lightweight, features two firing modes, 1000 ammo, extreme damage, 1,5 tile area of effect per shot, low TU per shot, very high accuracy and comes in unlimited amount for all soldiers to use. Turn entire levels into burned wastelands, demolish houses and murder multiple aliens in a single turn. Use manual fire to destroy walls to walk through them.

BONUS: For added exciting challenge, try to beat the game with a limited 1-4 hero squad using GBEs.
</Description>

</ModInfo>