<?xml version="1.0"?>
<?mso-application progid="Excel.Sheet"?>
<Workbook xmlns="urn:schemas-microsoft-com:office:spreadsheet"
 xmlns:o="urn:schemas-microsoft-com:office:office"
 xmlns:x="urn:schemas-microsoft-com:office:excel"
 xmlns:ss="urn:schemas-microsoft-com:office:spreadsheet"
 xmlns:html="http://www.w3.org/TR/REC-html40">
 <DocumentProperties xmlns="urn:schemas-microsoft-com:office:office">
  <Author>Computer 2</Author>
  <LastAuthor>John</LastAuthor>
  <Created>2012-03-29T13:18:51Z</Created>
  <LastSaved>2014-04-09T10:01:28Z</LastSaved>
  <Version>12.00</Version>
 </DocumentProperties>
 <OfficeDocumentSettings xmlns="urn:schemas-microsoft-com:office:office">
  <DownloadComponents/>
  <LocationOfComponents HRef="/"/>
 </OfficeDocumentSettings>
 <ExcelWorkbook xmlns="urn:schemas-microsoft-com:office:excel">
  <WindowHeight>6315</WindowHeight>
  <WindowWidth>20730</WindowWidth>
  <WindowTopX>0</WindowTopX>
  <WindowTopY>0</WindowTopY>
  <TabRatio>221</TabRatio>
  <RefModeR1C1/>
  <ProtectStructure>False</ProtectStructure>
  <ProtectWindows>False</ProtectWindows>
 </ExcelWorkbook>
 <Styles>
  <Style ss:ID="Default" ss:Name="Normal">
   <Alignment ss:Vertical="Bottom"/>
   <Borders/>
   <Font ss:FontName="Arial" x:Family="Swiss"/>
   <Interior/>
   <NumberFormat/>
   <Protection/>
  </Style>
  <Style ss:ID="s62" ss:Name="Normal 2 9">
   <Alignment ss:Vertical="Bottom"/>
   <Borders/>
   <Font ss:FontName="Arial" x:Family="Swiss"/>
   <Interior/>
   <NumberFormat/>
   <Protection/>
  </Style>
  <Style ss:ID="s63" ss:Name="Normal 3">
   <Alignment ss:Vertical="Bottom"/>
   <Borders/>
   <Font ss:FontName="Arial" x:CharSet="238"/>
   <Interior/>
   <NumberFormat/>
   <Protection/>
  </Style>
  <Style ss:ID="s64">
   <Alignment ss:Horizontal="Center" ss:Vertical="Bottom"/>
  </Style>
  <Style ss:ID="s65">
   <Alignment ss:Vertical="Bottom" ss:WrapText="1"/>
  </Style>
  <Style ss:ID="s68">
   <Borders/>
  </Style>
  <Style ss:ID="s69">
   <Alignment ss:Horizontal="Center" ss:Vertical="Center"/>
   <Borders>
    <Border ss:Position="Right" ss:LineStyle="Continuous" ss:Weight="2"/>
   </Borders>
   <Interior ss:Color="#969696" ss:Pattern="Solid"/>
  </Style>
  <Style ss:ID="s70">
   <Alignment ss:Horizontal="Center" ss:Vertical="Center"/>
   <Borders>
    <Border ss:Position="Left" ss:LineStyle="Continuous" ss:Weight="2"/>
    <Border ss:Position="Right" ss:LineStyle="Continuous" ss:Weight="2"/>
   </Borders>
   <Interior ss:Color="#969696" ss:Pattern="Solid"/>
  </Style>
  <Style ss:ID="s71">
   <Alignment ss:Horizontal="Center" ss:Vertical="Center" ss:WrapText="1"/>
   <Borders>
    <Border ss:Position="Left" ss:LineStyle="Continuous" ss:Weight="2"/>
    <Border ss:Position="Right" ss:LineStyle="Continuous" ss:Weight="2"/>
   </Borders>
   <Interior ss:Color="#969696" ss:Pattern="Solid"/>
  </Style>
  <Style ss:ID="s72">
   <Alignment ss:Vertical="Center"/>
  </Style>
  <Style ss:ID="s73">
   <Alignment ss:Horizontal="Center" ss:Vertical="Center"/>
  </Style>
  <Style ss:ID="s74">
   <Alignment ss:Vertical="Center" ss:WrapText="1"/>
  </Style>
  <Style ss:ID="s75">
   <Alignment ss:Vertical="Bottom" ss:WrapText="1"/>
   <Borders/>
   <Font ss:FontName="Arial" x:Family="Swiss"/>
   <Interior/>
   <NumberFormat/>
   <Protection/>
  </Style>
  <Style ss:ID="s76">
   <Alignment ss:Vertical="Center" ss:WrapText="1"/>
   <Font ss:FontName="Arial" x:CharSet="238" x:Family="Swiss"/>
  </Style>
  <Style ss:ID="s77">
   <Alignment ss:Vertical="Center"/>
   <Font ss:FontName="Arial" x:CharSet="238" x:Family="Swiss"/>
  </Style>
  <Style ss:ID="s78">
   <Alignment ss:Vertical="Bottom" ss:WrapText="1"/>
   <Borders/>
   <Interior/>
   <NumberFormat/>
   <Protection/>
  </Style>
  <Style ss:ID="s79">
   <Alignment ss:Vertical="Center"/>
   <Interior/>
  </Style>
  <Style ss:ID="s80">
   <Alignment ss:Vertical="Center" ss:WrapText="1"/>
   <Interior/>
  </Style>
  <Style ss:ID="s81">
   <Alignment ss:Vertical="Center" ss:WrapText="1"/>
   <Borders/>
   <Interior/>
   <NumberFormat/>
   <Protection/>
  </Style>
  <Style ss:ID="s82">
   <Alignment ss:Vertical="Center" ss:WrapText="1"/>
   <Borders/>
   <Font ss:FontName="Arial" x:Family="Swiss"/>
   <Interior/>
   <NumberFormat/>
   <Protection/>
  </Style>
  <Style ss:ID="s83">
   <Alignment ss:Vertical="Center" ss:WrapText="1"/>
   <Font ss:FontName="Arial" x:CharSet="238" x:Family="Swiss"/>
   <Interior/>
  </Style>
  <Style ss:ID="s84">
   <Alignment ss:Vertical="Center"/>
   <Font ss:FontName="Arial" x:Family="Swiss"/>
  </Style>
  <Style ss:ID="s87" ss:Parent="s63">
   <Alignment ss:Vertical="Center"/>
   <Interior/>
  </Style>
  <Style ss:ID="s89" ss:Parent="s62">
   <Alignment ss:Vertical="Center" ss:WrapText="1"/>
   <Font ss:FontName="Arial" x:Family="Swiss"/>
   <Interior/>
  </Style>
  <Style ss:ID="s90" ss:Parent="s62">
   <Alignment ss:Vertical="Center" ss:WrapText="1"/>
   <Interior/>
  </Style>
  <Style ss:ID="s91" ss:Parent="s62">
   <Alignment ss:Vertical="Center"/>
   <Interior/>
  </Style>
  <Style ss:ID="s92" ss:Parent="s62">
   <Alignment ss:Vertical="Center"/>
   <Font ss:FontName="Arial" x:Family="Swiss"/>
   <Interior/>
  </Style>
  <Style ss:ID="s93">
   <Font ss:FontName="Arial" x:Family="Swiss" ss:Color="#969696"/>
  </Style>
  <Style ss:ID="s96">
   <Alignment ss:Vertical="Center"/>
   <Font ss:FontName="Arial" x:Family="Swiss" ss:Color="#C0C0C0"/>
  </Style>
  <Style ss:ID="s97">
   <Alignment ss:Horizontal="Center" ss:Vertical="Center"/>
   <Font ss:FontName="Arial" x:Family="Swiss" ss:Color="#C0C0C0"/>
  </Style>
  <Style ss:ID="s98">
   <Alignment ss:Vertical="Center" ss:WrapText="1"/>
   <Font ss:FontName="Arial" x:Family="Swiss" ss:Color="#C0C0C0"/>
  </Style>
  <Style ss:ID="s99">
   <Alignment ss:Vertical="Bottom" ss:WrapText="1"/>
   <Font ss:FontName="Arial" x:Family="Swiss" ss:Color="#C0C0C0"/>
  </Style>
  <Style ss:ID="s100">
   <Font ss:FontName="Arial" x:Family="Swiss" ss:Color="#C0C0C0"/>
  </Style>
  <Style ss:ID="s101">
   <Alignment ss:Vertical="Bottom" ss:WrapText="1"/>
   <Borders/>
   <Font ss:FontName="Arial" x:Family="Swiss" ss:Color="#C0C0C0"/>
   <Interior/>
   <NumberFormat/>
   <Protection/>
  </Style>
  <Style ss:ID="s103">
   <Alignment ss:Vertical="Center" ss:WrapText="1"/>
   <Borders/>
   <Font ss:FontName="Arial" x:Family="Swiss" ss:Color="#C0C0C0"/>
   <Interior/>
   <NumberFormat/>
   <Protection/>
  </Style>
  <Style ss:ID="s104">
   <Alignment ss:Vertical="Center"/>
   <Borders/>
   <Font ss:FontName="Arial" x:Family="Swiss"/>
   <Interior/>
   <NumberFormat/>
   <Protection/>
  </Style>
 </Styles>
 <Names>
  <NamedRange ss:Name="Categories" ss:RefersTo="=Sheet1!#REF!"/>
 </Names>
 <Worksheet ss:Name="Sheet1">
  <Table ss:ExpandedColumnCount="8" ss:ExpandedRowCount="533" x:FullColumns="1"
   x:FullRows="1">
   <Column ss:AutoFitWidth="0" ss:Width="232.5"/>
   <Column ss:AutoFitWidth="0" ss:Width="65.25"/>
   <Column ss:StyleID="s64" ss:AutoFitWidth="0" ss:Width="118.5"/>
   <Column ss:StyleID="s65" ss:AutoFitWidth="0" ss:Width="354"/>
   <Column ss:AutoFitWidth="0" ss:Width="273" ss:Span="1"/>
   <Column ss:Index="7" ss:AutoFitWidth="0" ss:Width="175.5"/>
   <Column ss:AutoFitWidth="0" ss:Width="99"/>
   <Row ss:StyleID="s68">
    <Cell ss:StyleID="s69"><Data ss:Type="String">Name</Data></Cell>
    <Cell ss:StyleID="s70"><Data ss:Type="String">Days</Data></Cell>
    <Cell ss:StyleID="s70"><Data ss:Type="String">Category</Data></Cell>
    <Cell ss:StyleID="s71"><Data ss:Type="String">Requires</Data></Cell>
    <Cell ss:StyleID="s70"><Data ss:Type="String">When unlocked</Data></Cell>
    <Cell ss:StyleID="s70"><Data ss:Type="String">When finished</Data></Cell>
    <Cell ss:StyleID="s70"><Data ss:Type="String">Knowledge shown</Data></Cell>
   </Row>
   <Row>
    <Cell ss:StyleID="s74"><Data ss:Type="String">Researches.gbe</Data></Cell>
    <Cell ss:StyleID="s74"><Data ss:Type="Number">30</Data></Cell>
    <Cell ss:StyleID="s77"><Data ss:Type="String">Weaponary</Data></Cell>
    <Cell ss:StyleID="s90"><Data ss:Type="String">Researches.AlienPlasmaRifle</Data></Cell>
    <Cell ss:StyleID="s88"/>
    <Cell ss:StyleID="s88"><Data ss:Type="String">UnlockKnowledge( &quot;Researches.gbe&quot; );&#10;UnlockItem( &quot;weapon.gbe&quot; );&#10;UnlockItem(&quot;ammo.gbe&quot;);</Data></Cell>
    <Cell ss:StyleID="s80"><Data ss:Type="String">Researches.gbe</Data></Cell>
   </Row>
<Row ss:Index="120">
    <Cell ss:StyleID="s72"/>
    <Cell ss:StyleID="s72"/>
    <Cell ss:StyleID="s73"/>
    <Cell ss:StyleID="s74"/>
    <Cell ss:Index="7" ss:StyleID="s76"/>
   </Row>
   <Row ss:Index="122">
    <Cell ss:StyleID="s72"/>
    <Cell ss:StyleID="s72"/>
    <Cell ss:StyleID="s73"/>
    <Cell ss:StyleID="s80"/>
    <Cell ss:StyleID="s72"/>
    <Cell ss:StyleID="s72"/>
    <Cell ss:StyleID="s76"/>
   </Row>
   <Row>
    <Cell ss:StyleID="s72"/>
    <Cell ss:StyleID="s72"/>
    <Cell ss:StyleID="s73"/>
    <Cell ss:StyleID="s74"/>
    <Cell ss:Index="7" ss:StyleID="s76"/>
   </Row>
   <Row>
    <Cell ss:StyleID="s72"/>
    <Cell ss:StyleID="s72"/>
    <Cell ss:StyleID="s73"/>
    <Cell ss:StyleID="s74"/>
    <Cell ss:StyleID="s72"/>
    <Cell ss:StyleID="s72"/>
    <Cell ss:StyleID="s76"/>
   </Row>
   <Row ss:Index="126">
    <Cell ss:StyleID="s72"/>
    <Cell ss:StyleID="s72"/>
    <Cell ss:StyleID="s73"/>
    <Cell ss:StyleID="s74"/>
    <Cell ss:StyleID="s72"/>
    <Cell ss:StyleID="s72"/>
    <Cell ss:StyleID="s76"/>
   </Row>
   <Row ss:Index="128">
    <Cell ss:StyleID="s72"/>
    <Cell ss:StyleID="s72"/>
    <Cell ss:StyleID="s73"/>
    <Cell ss:StyleID="s74"/>
    <Cell ss:Index="7" ss:StyleID="s76"/>
   </Row>
   <Row>
    <Cell ss:StyleID="s72"/>
    <Cell ss:StyleID="s72"/>
    <Cell ss:StyleID="s73"/>
    <Cell ss:StyleID="s74"/>
    <Cell ss:Index="7" ss:StyleID="s76"/>
   </Row>
   <Row>
    <Cell ss:StyleID="s72"/>
    <Cell ss:StyleID="s72"/>
    <Cell ss:StyleID="s73"/>
    <Cell ss:StyleID="s74"/>
    <Cell ss:StyleID="s72"/>
    <Cell ss:StyleID="s72"/>
    <Cell ss:StyleID="s76"/>
   </Row>
   <Row>
    <Cell ss:StyleID="s72"/>
    <Cell ss:StyleID="s72"/>
    <Cell ss:StyleID="s73"/>
    <Cell ss:StyleID="s74"/>
    <Cell ss:Index="7" ss:StyleID="s76"/>
   </Row>
   <Row>
    <Cell ss:StyleID="s72"/>
    <Cell ss:StyleID="s72"/>
    <Cell ss:StyleID="s73"/>
    <Cell ss:StyleID="s74"/>
    <Cell ss:Index="7" ss:StyleID="s76"/>
   </Row>
   <Row>
    <Cell ss:StyleID="s72"/>
    <Cell ss:StyleID="s72"/>
    <Cell ss:StyleID="s73"/>
    <Cell ss:StyleID="s74"/>
    <Cell ss:StyleID="s72"/>
    <Cell ss:StyleID="s72"/>
    <Cell ss:StyleID="s76"/>
   </Row>
   <Row>
    <Cell ss:StyleID="s72"/>
    <Cell ss:StyleID="s72"/>
    <Cell ss:StyleID="s73"/>
    <Cell ss:StyleID="s74"/>
    <Cell ss:Index="7" ss:StyleID="s76"/>
   </Row>
   <Row>
    <Cell ss:StyleID="s72"/>
    <Cell ss:StyleID="s72"/>
    <Cell ss:StyleID="s73"/>
    <Cell ss:StyleID="s74"/>
    <Cell ss:Index="7" ss:StyleID="s76"/>
   </Row>
   <Row ss:Index="138">
    <Cell ss:StyleID="s72"/>
    <Cell ss:StyleID="s72"/>
    <Cell ss:StyleID="s73"/>
    <Cell ss:StyleID="s74"/>
    <Cell ss:StyleID="s104"/>
    <Cell ss:StyleID="s104"/>
    <Cell ss:StyleID="s76"/>
   </Row>
   <Row ss:Index="141">
    <Cell ss:StyleID="s72"/>
    <Cell ss:StyleID="s72"/>
    <Cell ss:StyleID="s73"/>
    <Cell ss:StyleID="s74"/>
    <Cell ss:Index="7" ss:StyleID="s76"/>
   </Row>
   <Row>
    <Cell ss:StyleID="s72"/>
    <Cell ss:StyleID="s72"/>
    <Cell ss:StyleID="s73"/>
    <Cell ss:StyleID="s74"/>
    <Cell ss:StyleID="s75"/>
    <Cell ss:StyleID="s75"/>
    <Cell ss:StyleID="s76"/>
   </Row>
   <Row ss:Index="144">
    <Cell ss:StyleID="s72"/>
    <Cell ss:StyleID="s72"/>
    <Cell ss:StyleID="s73"/>
    <Cell ss:StyleID="s74"/>
    <Cell ss:Index="7" ss:StyleID="s76"/>
   </Row>
   <Row>
    <Cell ss:StyleID="s72"/>
    <Cell ss:StyleID="s72"/>
    <Cell ss:StyleID="s73"/>
    <Cell ss:StyleID="s74"/>
    <Cell ss:StyleID="s72"/>
    <Cell ss:StyleID="s72"/>
    <Cell ss:StyleID="s76"/>
   </Row>
   <Row>
    <Cell ss:StyleID="s72"/>
    <Cell ss:StyleID="s72"/>
    <Cell ss:StyleID="s73"/>
    <Cell ss:StyleID="s74"/>
    <Cell ss:Index="7" ss:StyleID="s76"/>
   </Row>
   <Row>
    <Cell ss:StyleID="s72"/>
    <Cell ss:StyleID="s72"/>
    <Cell ss:StyleID="s73"/>
    <Cell ss:StyleID="s74"/>
    <Cell ss:Index="7" ss:StyleID="s76"/>
   </Row>
   <Row>
    <Cell ss:StyleID="s72"/>
    <Cell ss:StyleID="s72"/>
    <Cell ss:StyleID="s73"/>
    <Cell ss:StyleID="s80"/>
    <Cell ss:StyleID="s72"/>
    <Cell ss:StyleID="s72"/>
    <Cell ss:StyleID="s76"/>
   </Row>
   <Row>
    <Cell ss:StyleID="s72"/>
    <Cell ss:StyleID="s72"/>
    <Cell ss:StyleID="s73"/>
    <Cell ss:StyleID="s74"/>
    <Cell ss:Index="7" ss:StyleID="s76"/>
   </Row>
   <Row>
    <Cell ss:StyleID="s77"/>
    <Cell ss:StyleID="s72"/>
    <Cell ss:StyleID="s73"/>
    <Cell ss:StyleID="s74"/>
    <Cell ss:Index="7" ss:StyleID="s76"/>
   </Row>
   <Row>
    <Cell ss:StyleID="s72"/>
    <Cell ss:StyleID="s72"/>
    <Cell ss:StyleID="s73"/>
    <Cell ss:StyleID="s74"/>
    <Cell ss:Index="7" ss:StyleID="s76"/>
   </Row>
   <Row>
    <Cell ss:StyleID="s72"/>
    <Cell ss:StyleID="s72"/>
    <Cell ss:StyleID="s73"/>
    <Cell ss:StyleID="s74"/>
    <Cell ss:Index="7" ss:StyleID="s76"/>
   </Row>
   <Row ss:Index="154">
    <Cell ss:StyleID="s72"/>
    <Cell ss:StyleID="s72"/>
    <Cell ss:StyleID="s73"/>
    <Cell ss:StyleID="s74"/>
    <Cell ss:StyleID="s72"/>
    <Cell ss:StyleID="s72"/>
    <Cell ss:StyleID="s76"/>
   </Row>
   <Row ss:Index="160">
    <Cell ss:StyleID="s72"/>
    <Cell ss:StyleID="s72"/>
    <Cell ss:StyleID="s73"/>
    <Cell ss:StyleID="s74"/>
    <Cell ss:StyleID="s72"/>
    <Cell ss:StyleID="s72"/>
    <Cell ss:StyleID="s76"/>
   </Row>
   <Row ss:Index="175">
    <Cell ss:StyleID="s72"/>
    <Cell ss:StyleID="s72"/>
    <Cell ss:StyleID="s73"/>
    <Cell ss:StyleID="s74"/>
    <Cell ss:StyleID="s72"/>
    <Cell ss:StyleID="s72"/>
    <Cell ss:StyleID="s76"/>
   </Row>
   <Row>
    <Cell ss:StyleID="s72"/>
    <Cell ss:StyleID="s72"/>
    <Cell ss:StyleID="s73"/>
    <Cell ss:StyleID="s74"/>
    <Cell ss:StyleID="s72"/>
    <Cell ss:StyleID="s72"/>
    <Cell ss:StyleID="s76"/>
   </Row>
   <Row ss:Index="178">
    <Cell ss:StyleID="s72"/>
    <Cell ss:StyleID="s72"/>
    <Cell ss:StyleID="s73"/>
    <Cell ss:StyleID="s74"/>
    <Cell ss:StyleID="s72"/>
    <Cell ss:StyleID="s72"/>
    <Cell ss:StyleID="s76"/>
   </Row>
   <Row>
    <Cell ss:StyleID="s72"/>
    <Cell ss:StyleID="s72"/>
    <Cell ss:StyleID="s73"/>
    <Cell ss:StyleID="s74"/>
    <Cell ss:StyleID="s72"/>
    <Cell ss:StyleID="s72"/>
    <Cell ss:StyleID="s76"/>
   </Row>
   <Row>
    <Cell ss:StyleID="s72"/>
    <Cell ss:StyleID="s72"/>
    <Cell ss:StyleID="s73"/>
    <Cell ss:StyleID="s74"/>
    <Cell ss:StyleID="s72"/>
    <Cell ss:StyleID="s72"/>
    <Cell ss:StyleID="s76"/>
   </Row>
   <Row>
    <Cell ss:StyleID="s72"/>
    <Cell ss:StyleID="s72"/>
    <Cell ss:StyleID="s73"/>
    <Cell ss:StyleID="s74"/>
    <Cell ss:StyleID="s72"/>
    <Cell ss:StyleID="s72"/>
    <Cell ss:StyleID="s76"/>
   </Row>
   <Row>
    <Cell ss:StyleID="s72"/>
    <Cell ss:StyleID="s72"/>
    <Cell ss:StyleID="s73"/>
    <Cell ss:StyleID="s74"/>
    <Cell ss:StyleID="s72"/>
    <Cell ss:StyleID="s72"/>
    <Cell ss:StyleID="s76"/>
   </Row>
   <Row>
    <Cell ss:StyleID="s72"/>
    <Cell ss:StyleID="s72"/>
    <Cell ss:StyleID="s73"/>
    <Cell ss:StyleID="s74"/>
    <Cell ss:StyleID="s72"/>
    <Cell ss:StyleID="s72"/>
    <Cell ss:StyleID="s76"/>
   </Row>
   <Row>
    <Cell ss:StyleID="s72"/>
    <Cell ss:StyleID="s72"/>
    <Cell ss:StyleID="s73"/>
    <Cell ss:StyleID="s74"/>
    <Cell ss:StyleID="s72"/>
    <Cell ss:StyleID="s72"/>
    <Cell ss:StyleID="s76"/>
   </Row>
   <Row>
    <Cell ss:StyleID="s72"/>
    <Cell ss:StyleID="s72"/>
    <Cell ss:StyleID="s73"/>
    <Cell ss:StyleID="s74"/>
    <Cell ss:StyleID="s72"/>
    <Cell ss:StyleID="s72"/>
    <Cell ss:StyleID="s76"/>
   </Row>
   <Row>
    <Cell ss:StyleID="s72"/>
    <Cell ss:StyleID="s72"/>
    <Cell ss:StyleID="s73"/>
    <Cell ss:StyleID="s74"/>
    <Cell ss:StyleID="s72"/>
    <Cell ss:StyleID="s72"/>
    <Cell ss:StyleID="s76"/>
   </Row>
   <Row>
    <Cell ss:StyleID="s72"/>
    <Cell ss:StyleID="s72"/>
    <Cell ss:StyleID="s73"/>
    <Cell ss:StyleID="s74"/>
    <Cell ss:StyleID="s72"/>
    <Cell ss:StyleID="s72"/>
    <Cell ss:StyleID="s76"/>
   </Row>
   <Row ss:Index="277">
    <Cell ss:Index="2" ss:StyleID="s72"/>
   </Row>
   <Row>
    <Cell ss:Index="2" ss:StyleID="s72"/>
   </Row>
   <Row>
    <Cell ss:Index="2" ss:StyleID="s72"/>
   </Row>
   <Row>
    <Cell ss:Index="2" ss:StyleID="s72"/>
   </Row>
   <Row>
    <Cell ss:Index="2" ss:StyleID="s72"/>
   </Row>
   <Row>
    <Cell ss:Index="2" ss:StyleID="s72"/>
   </Row>
   <Row>
    <Cell ss:Index="2" ss:StyleID="s72"/>
   </Row>
   <Row>
    <Cell ss:Index="2" ss:StyleID="s72"/>
   </Row>
   <Row>
    <Cell ss:Index="2" ss:StyleID="s72"/>
   </Row>
   <Row>
    <Cell ss:Index="2" ss:StyleID="s72"/>
   </Row>
   <Row>
    <Cell ss:Index="2" ss:StyleID="s72"/>
   </Row>
   <Row>
    <Cell ss:Index="2" ss:StyleID="s72"/>
   </Row>
   <Row>
    <Cell ss:Index="2" ss:StyleID="s72"/>
   </Row>
   <Row>
    <Cell ss:Index="2" ss:StyleID="s72"/>
   </Row>
   <Row>
    <Cell ss:Index="2" ss:StyleID="s72"/>
   </Row>
   <Row>
    <Cell ss:Index="2" ss:StyleID="s72"/>
   </Row>
   <Row>
    <Cell ss:Index="2" ss:StyleID="s72"/>
   </Row>
   <Row>
    <Cell ss:Index="2" ss:StyleID="s72"/>
   </Row>
   <Row>
    <Cell ss:Index="2" ss:StyleID="s72"/>
   </Row>
   <Row>
    <Cell ss:Index="2" ss:StyleID="s72"/>
   </Row>
   <Row>
    <Cell ss:Index="2" ss:StyleID="s72"/>
   </Row>
   <Row>
    <Cell ss:Index="2" ss:StyleID="s72"/>
   </Row>
   <Row>
    <Cell ss:Index="2" ss:StyleID="s72"/>
   </Row>
   <Row>
    <Cell ss:Index="2" ss:StyleID="s72"/>
   </Row>
   <Row>
    <Cell ss:Index="2" ss:StyleID="s72"/>
   </Row>
   <Row>
    <Cell ss:Index="2" ss:StyleID="s72"/>
   </Row>
   <Row>
    <Cell ss:Index="2" ss:StyleID="s72"/>
   </Row>
   <Row>
    <Cell ss:Index="2" ss:StyleID="s72"/>
   </Row>
   <Row>
    <Cell ss:Index="2" ss:StyleID="s72"/>
   </Row>
   <Row>
    <Cell ss:Index="2" ss:StyleID="s72"/>
   </Row>
   <Row>
    <Cell ss:Index="2" ss:StyleID="s72"/>
   </Row>
   <Row>
    <Cell ss:Index="2" ss:StyleID="s72"/>
   </Row>
   <Row>
    <Cell ss:Index="2" ss:StyleID="s72"/>
   </Row>
   <Row>
    <Cell ss:Index="2" ss:StyleID="s72"/>
   </Row>
   <Row>
    <Cell ss:Index="2" ss:StyleID="s72"/>
   </Row>
   <Row>
    <Cell ss:Index="2" ss:StyleID="s72"/>
   </Row>
   <Row>
    <Cell ss:Index="2" ss:StyleID="s72"/>
   </Row>
   <Row>
    <Cell ss:Index="2" ss:StyleID="s72"/>
   </Row>
   <Row>
    <Cell ss:Index="2" ss:StyleID="s72"/>
   </Row>
   <Row>
    <Cell ss:Index="2" ss:StyleID="s72"/>
   </Row>
   <Row>
    <Cell ss:Index="2" ss:StyleID="s72"/>
   </Row>
   <Row>
    <Cell ss:Index="2" ss:StyleID="s72"/>
   </Row>
   <Row>
    <Cell ss:Index="2" ss:StyleID="s72"/>
   </Row>
   <Row>
    <Cell ss:Index="2" ss:StyleID="s72"/>
   </Row>
   <Row>
    <Cell ss:Index="2" ss:StyleID="s72"/>
   </Row>
   <Row>
    <Cell ss:Index="2" ss:StyleID="s72"/>
   </Row>
   <Row>
    <Cell ss:Index="2" ss:StyleID="s72"/>
   </Row>
   <Row>
    <Cell ss:Index="2" ss:StyleID="s72"/>
   </Row>
   <Row>
    <Cell ss:Index="2" ss:StyleID="s72"/>
   </Row>
   <Row>
    <Cell ss:Index="2" ss:StyleID="s72"/>
   </Row>
   <Row>
    <Cell ss:Index="2" ss:StyleID="s72"/>
   </Row>
   <Row>
    <Cell ss:Index="2" ss:StyleID="s72"/>
   </Row>
   <Row>
    <Cell ss:Index="2" ss:StyleID="s72"/>
   </Row>
   <Row>
    <Cell ss:Index="2" ss:StyleID="s72"/>
   </Row>
   <Row>
    <Cell ss:Index="2" ss:StyleID="s72"/>
   </Row>
   <Row>
    <Cell ss:Index="2" ss:StyleID="s72"/>
   </Row>
   <Row>
    <Cell ss:Index="2" ss:StyleID="s72"/>
   </Row>
   <Row>
    <Cell ss:Index="2" ss:StyleID="s72"/>
   </Row>
   <Row>
    <Cell ss:Index="2" ss:StyleID="s72"/>
   </Row>
   <Row>
    <Cell ss:Index="2" ss:StyleID="s72"/>
   </Row>
   <Row>
    <Cell ss:Index="2" ss:StyleID="s72"/>
   </Row>
   <Row>
    <Cell ss:Index="2" ss:StyleID="s72"/>
   </Row>
   <Row>
    <Cell ss:Index="2" ss:StyleID="s72"/>
   </Row>
   <Row>
    <Cell ss:Index="2" ss:StyleID="s72"/>
   </Row>
   <Row>
    <Cell ss:Index="2" ss:StyleID="s72"/>
   </Row>
   <Row>
    <Cell ss:Index="2" ss:StyleID="s72"/>
   </Row>
   <Row>
    <Cell ss:Index="2" ss:StyleID="s72"/>
   </Row>
   <Row>
    <Cell ss:Index="2" ss:StyleID="s72"/>
   </Row>
   <Row>
    <Cell ss:Index="2" ss:StyleID="s72"/>
   </Row>
   <Row>
    <Cell ss:Index="2" ss:StyleID="s72"/>
   </Row>
   <Row>
    <Cell ss:Index="2" ss:StyleID="s72"/>
   </Row>
   <Row>
    <Cell ss:Index="2" ss:StyleID="s72"/>
   </Row>
   <Row>
    <Cell ss:Index="2" ss:StyleID="s72"/>
   </Row>
   <Row>
    <Cell ss:Index="2" ss:StyleID="s72"/>
   </Row>
   <Row>
    <Cell ss:Index="2" ss:StyleID="s72"/>
   </Row>
   <Row>
    <Cell ss:Index="2" ss:StyleID="s72"/>
   </Row>
   <Row>
    <Cell ss:Index="2" ss:StyleID="s72"/>
   </Row>
   <Row>
    <Cell ss:Index="2" ss:StyleID="s72"/>
   </Row>
   <Row>
    <Cell ss:Index="2" ss:StyleID="s72"/>
   </Row>
   <Row>
    <Cell ss:Index="2" ss:StyleID="s72"/>
   </Row>
   <Row>
    <Cell ss:Index="2" ss:StyleID="s72"/>
   </Row>
   <Row>
    <Cell ss:Index="2" ss:StyleID="s72"/>
   </Row>
   <Row>
    <Cell ss:Index="2" ss:StyleID="s72"/>
   </Row>
   <Row>
    <Cell ss:Index="2" ss:StyleID="s72"/>
   </Row>
   <Row>
    <Cell ss:Index="2" ss:StyleID="s72"/>
   </Row>
   <Row>
    <Cell ss:Index="2" ss:StyleID="s72"/>
   </Row>
   <Row>
    <Cell ss:Index="2" ss:StyleID="s72"/>
   </Row>
   <Row>
    <Cell ss:Index="2" ss:StyleID="s72"/>
   </Row>
   <Row>
    <Cell ss:Index="2" ss:StyleID="s72"/>
   </Row>
   <Row>
    <Cell ss:Index="2" ss:StyleID="s72"/>
   </Row>
   <Row>
    <Cell ss:Index="2" ss:StyleID="s72"/>
   </Row>
   <Row>
    <Cell ss:Index="2" ss:StyleID="s72"/>
   </Row>
   <Row>
    <Cell ss:Index="2" ss:StyleID="s72"/>
   </Row>
   <Row>
    <Cell ss:Index="2" ss:StyleID="s72"/>
   </Row>
   <Row>
    <Cell ss:Index="2" ss:StyleID="s72"/>
   </Row>
   <Row>
    <Cell ss:Index="2" ss:StyleID="s72"/>
   </Row>
   <Row>
    <Cell ss:Index="2" ss:StyleID="s72"/>
   </Row>
   <Row>
    <Cell ss:Index="2" ss:StyleID="s72"/>
   </Row>
   <Row>
    <Cell ss:Index="2" ss:StyleID="s72"/>
   </Row>
   <Row>
    <Cell ss:Index="2" ss:StyleID="s72"/>
   </Row>
   <Row>
    <Cell ss:Index="2" ss:StyleID="s72"/>
   </Row>
   <Row>
    <Cell ss:Index="2" ss:StyleID="s72"/>
   </Row>
   <Row>
    <Cell ss:Index="2" ss:StyleID="s72"/>
   </Row>
   <Row>
    <Cell ss:Index="2" ss:StyleID="s72"/>
   </Row>
   <Row>
    <Cell ss:Index="2" ss:StyleID="s72"/>
   </Row>
   <Row>
    <Cell ss:Index="2" ss:StyleID="s72"/>
   </Row>
   <Row>
    <Cell ss:Index="2" ss:StyleID="s72"/>
   </Row>
   <Row>
    <Cell ss:Index="2" ss:StyleID="s72"/>
   </Row>
   <Row>
    <Cell ss:Index="2" ss:StyleID="s72"/>
   </Row>
   <Row>
    <Cell ss:Index="2" ss:StyleID="s72"/>
   </Row>
   <Row>
    <Cell ss:Index="2" ss:StyleID="s72"/>
   </Row>
   <Row>
    <Cell ss:Index="2" ss:StyleID="s72"/>
   </Row>
   <Row>
    <Cell ss:Index="2" ss:StyleID="s72"/>
   </Row>
   <Row>
    <Cell ss:Index="2" ss:StyleID="s72"/>
   </Row>
   <Row>
    <Cell ss:Index="2" ss:StyleID="s72"/>
   </Row>
   <Row>
    <Cell ss:Index="2" ss:StyleID="s72"/>
   </Row>
   <Row>
    <Cell ss:Index="2" ss:StyleID="s72"/>
   </Row>
   <Row>
    <Cell ss:Index="2" ss:StyleID="s72"/>
   </Row>
   <Row>
    <Cell ss:Index="2" ss:StyleID="s72"/>
   </Row>
   <Row>
    <Cell ss:Index="2" ss:StyleID="s72"/>
   </Row>
   <Row>
    <Cell ss:Index="2" ss:StyleID="s72"/>
   </Row>
   <Row>
    <Cell ss:Index="2" ss:StyleID="s72"/>
   </Row>
   <Row>
    <Cell ss:Index="2" ss:StyleID="s72"/>
   </Row>
   <Row>
    <Cell ss:Index="2" ss:StyleID="s72"/>
   </Row>
   <Row>
    <Cell ss:Index="2" ss:StyleID="s72"/>
   </Row>
   <Row>
    <Cell ss:Index="2" ss:StyleID="s72"/>
   </Row>
   <Row>
    <Cell ss:Index="2" ss:StyleID="s72"/>
   </Row>
   <Row>
    <Cell ss:Index="2" ss:StyleID="s72"/>
   </Row>
   <Row>
    <Cell ss:Index="2" ss:StyleID="s72"/>
   </Row>
   <Row>
    <Cell ss:Index="2" ss:StyleID="s72"/>
   </Row>
   <Row>
    <Cell ss:Index="2" ss:StyleID="s72"/>
   </Row>
   <Row>
    <Cell ss:Index="2" ss:StyleID="s72"/>
   </Row>
   <Row>
    <Cell ss:Index="2" ss:StyleID="s72"/>
   </Row>
   <Row>
    <Cell ss:Index="2" ss:StyleID="s72"/>
   </Row>
   <Row>
    <Cell ss:Index="2" ss:StyleID="s72"/>
   </Row>
   <Row>
    <Cell ss:Index="2" ss:StyleID="s72"/>
   </Row>
   <Row>
    <Cell ss:Index="2" ss:StyleID="s72"/>
   </Row>
   <Row>
    <Cell ss:Index="2" ss:StyleID="s72"/>
   </Row>
   <Row>
    <Cell ss:Index="2" ss:StyleID="s72"/>
   </Row>
   <Row>
    <Cell ss:Index="2" ss:StyleID="s72"/>
   </Row>
   <Row>
    <Cell ss:Index="2" ss:StyleID="s72"/>
   </Row>
   <Row>
    <Cell ss:Index="2" ss:StyleID="s72"/>
   </Row>
   <Row>
    <Cell ss:Index="2" ss:StyleID="s72"/>
   </Row>
   <Row>
    <Cell ss:Index="2" ss:StyleID="s72"/>
   </Row>
   <Row>
    <Cell ss:Index="2" ss:StyleID="s72"/>
   </Row>
   <Row>
    <Cell ss:Index="2" ss:StyleID="s72"/>
   </Row>
   <Row>
    <Cell ss:Index="2" ss:StyleID="s72"/>
   </Row>
   <Row>
    <Cell ss:Index="2" ss:StyleID="s72"/>
   </Row>
   <Row>
    <Cell ss:Index="2" ss:StyleID="s72"/>
   </Row>
   <Row>
    <Cell ss:Index="2" ss:StyleID="s72"/>
   </Row>
   <Row>
    <Cell ss:Index="2" ss:StyleID="s72"/>
   </Row>
   <Row>
    <Cell ss:Index="2" ss:StyleID="s72"/>
   </Row>
   <Row>
    <Cell ss:Index="2" ss:StyleID="s72"/>
   </Row>
   <Row>
    <Cell ss:Index="2" ss:StyleID="s72"/>
   </Row>
   <Row>
    <Cell ss:Index="2" ss:StyleID="s72"/>
   </Row>
   <Row>
    <Cell ss:Index="2" ss:StyleID="s72"/>
   </Row>
   <Row>
    <Cell ss:Index="2" ss:StyleID="s72"/>
   </Row>
   <Row>
    <Cell ss:Index="2" ss:StyleID="s72"/>
   </Row>
   <Row>
    <Cell ss:Index="2" ss:StyleID="s72"/>
   </Row>
   <Row>
    <Cell ss:Index="2" ss:StyleID="s72"/>
   </Row>
   <Row>
    <Cell ss:Index="2" ss:StyleID="s72"/>
   </Row>
   <Row>
    <Cell ss:Index="2" ss:StyleID="s72"/>
   </Row>
   <Row>
    <Cell ss:Index="2" ss:StyleID="s72"/>
   </Row>
   <Row>
    <Cell ss:Index="2" ss:StyleID="s72"/>
   </Row>
   <Row>
    <Cell ss:Index="2" ss:StyleID="s72"/>
   </Row>
   <Row>
    <Cell ss:Index="2" ss:StyleID="s72"/>
   </Row>
   <Row>
    <Cell ss:Index="2" ss:StyleID="s72"/>
   </Row>
   <Row>
    <Cell ss:Index="2" ss:StyleID="s72"/>
   </Row>
   <Row>
    <Cell ss:Index="2" ss:StyleID="s72"/>
   </Row>
   <Row>
    <Cell ss:Index="2" ss:StyleID="s72"/>
   </Row>
   <Row>
    <Cell ss:Index="2" ss:StyleID="s72"/>
   </Row>
   <Row>
    <Cell ss:Index="2" ss:StyleID="s72"/>
   </Row>
   <Row>
    <Cell ss:Index="2" ss:StyleID="s72"/>
   </Row>
   <Row>
    <Cell ss:Index="2" ss:StyleID="s72"/>
   </Row>
   <Row>
    <Cell ss:Index="2" ss:StyleID="s72"/>
   </Row>
   <Row>
    <Cell ss:Index="2" ss:StyleID="s72"/>
   </Row>
   <Row>
    <Cell ss:Index="2" ss:StyleID="s72"/>
   </Row>
   <Row>
    <Cell ss:Index="2" ss:StyleID="s72"/>
   </Row>
   <Row>
    <Cell ss:Index="2" ss:StyleID="s72"/>
   </Row>
   <Row>
    <Cell ss:Index="2" ss:StyleID="s72"/>
   </Row>
   <Row>
    <Cell ss:Index="2" ss:StyleID="s72"/>
   </Row>
   <Row>
    <Cell ss:Index="2" ss:StyleID="s72"/>
   </Row>
   <Row>
    <Cell ss:Index="2" ss:StyleID="s72"/>
   </Row>
   <Row>
    <Cell ss:Index="2" ss:StyleID="s72"/>
   </Row>
   <Row>
    <Cell ss:Index="2" ss:StyleID="s72"/>
   </Row>
   <Row>
    <Cell ss:Index="2" ss:StyleID="s72"/>
   </Row>
   <Row>
    <Cell ss:Index="2" ss:StyleID="s72"/>
   </Row>
   <Row>
    <Cell ss:Index="2" ss:StyleID="s72"/>
   </Row>
   <Row>
    <Cell ss:Index="2" ss:StyleID="s72"/>
   </Row>
   <Row>
    <Cell ss:Index="2" ss:StyleID="s72"/>
   </Row>
   <Row>
    <Cell ss:Index="2" ss:StyleID="s72"/>
   </Row>
   <Row>
    <Cell ss:Index="2" ss:StyleID="s72"/>
   </Row>
   <Row>
    <Cell ss:Index="2" ss:StyleID="s72"/>
   </Row>
   <Row>
    <Cell ss:Index="2" ss:StyleID="s72"/>
   </Row>
   <Row>
    <Cell ss:Index="2" ss:StyleID="s72"/>
   </Row>
   <Row>
    <Cell ss:Index="2" ss:StyleID="s72"/>
   </Row>
   <Row>
    <Cell ss:Index="2" ss:StyleID="s72"/>
   </Row>
   <Row>
    <Cell ss:Index="2" ss:StyleID="s72"/>
   </Row>
   <Row>
    <Cell ss:Index="2" ss:StyleID="s72"/>
   </Row>
   <Row>
    <Cell ss:Index="2" ss:StyleID="s72"/>
   </Row>
   <Row>
    <Cell ss:Index="2" ss:StyleID="s72"/>
   </Row>
   <Row>
    <Cell ss:Index="2" ss:StyleID="s72"/>
   </Row>
   <Row>
    <Cell ss:Index="2" ss:StyleID="s72"/>
   </Row>
   <Row>
    <Cell ss:Index="2" ss:StyleID="s72"/>
   </Row>
   <Row>
    <Cell ss:Index="2" ss:StyleID="s72"/>
   </Row>
   <Row>
    <Cell ss:Index="2" ss:StyleID="s72"/>
   </Row>
   <Row>
    <Cell ss:Index="2" ss:StyleID="s72"/>
   </Row>
   <Row>
    <Cell ss:Index="2" ss:StyleID="s72"/>
   </Row>
   <Row>
    <Cell ss:Index="2" ss:StyleID="s72"/>
   </Row>
   <Row>
    <Cell ss:Index="2" ss:StyleID="s72"/>
   </Row>
   <Row>
    <Cell ss:Index="2" ss:StyleID="s72"/>
   </Row>
   <Row>
    <Cell ss:Index="2" ss:StyleID="s72"/>
   </Row>
   <Row>
    <Cell ss:Index="2" ss:StyleID="s72"/>
   </Row>
   <Row>
    <Cell ss:Index="2" ss:StyleID="s72"/>
   </Row>
   <Row>
    <Cell ss:Index="2" ss:StyleID="s72"/>
   </Row>
   <Row>
    <Cell ss:Index="2" ss:StyleID="s72"/>
   </Row>
   <Row>
    <Cell ss:Index="2" ss:StyleID="s72"/>
   </Row>
   <Row>
    <Cell ss:Index="2" ss:StyleID="s72"/>
   </Row>
   <Row>
    <Cell ss:Index="2" ss:StyleID="s72"/>
   </Row>
   <Row>
    <Cell ss:Index="2" ss:StyleID="s72"/>
   </Row>
   <Row>
    <Cell ss:Index="2" ss:StyleID="s72"/>
   </Row>
   <Row>
    <Cell ss:Index="2" ss:StyleID="s72"/>
   </Row>
   <Row>
    <Cell ss:Index="2" ss:StyleID="s72"/>
   </Row>
   <Row>
    <Cell ss:Index="2" ss:StyleID="s72"/>
   </Row>
   <Row>
    <Cell ss:Index="2" ss:StyleID="s72"/>
   </Row>
   <Row>
    <Cell ss:Index="2" ss:StyleID="s72"/>
   </Row>
   <Row>
    <Cell ss:Index="2" ss:StyleID="s72"/>
   </Row>
   <Row>
    <Cell ss:Index="2" ss:StyleID="s72"/>
   </Row>
   <Row>
    <Cell ss:Index="2" ss:StyleID="s72"/>
   </Row>
   <Row>
    <Cell ss:Index="2" ss:StyleID="s72"/>
   </Row>
   <Row>
    <Cell ss:Index="2" ss:StyleID="s72"/>
   </Row>
   <Row>
    <Cell ss:Index="2" ss:StyleID="s72"/>
   </Row>
   <Row>
    <Cell ss:Index="2" ss:StyleID="s72"/>
   </Row>
   <Row>
    <Cell ss:Index="2" ss:StyleID="s72"/>
   </Row>
   <Row>
    <Cell ss:Index="2" ss:StyleID="s72"/>
   </Row>
   <Row>
    <Cell ss:Index="2" ss:StyleID="s72"/>
   </Row>
   <Row>
    <Cell ss:Index="2" ss:StyleID="s72"/>
   </Row>
   <Row>
    <Cell ss:Index="2" ss:StyleID="s72"/>
   </Row>
   <Row>
    <Cell ss:Index="2" ss:StyleID="s72"/>
   </Row>
   <Row>
    <Cell ss:Index="2" ss:StyleID="s72"/>
   </Row>
   <Row>
    <Cell ss:Index="2" ss:StyleID="s72"/>
   </Row>
   <Row>
    <Cell ss:Index="2" ss:StyleID="s72"/>
   </Row>
   <Row>
    <Cell ss:Index="2" ss:StyleID="s72"/>
   </Row>
   <Row>
    <Cell ss:Index="2" ss:StyleID="s72"/>
   </Row>
   <Row>
    <Cell ss:Index="2" ss:StyleID="s72"/>
   </Row>
   <Row>
    <Cell ss:Index="2" ss:StyleID="s72"/>
   </Row>
   <Row>
    <Cell ss:Index="2" ss:StyleID="s72"/>
   </Row>
   <Row>
    <Cell ss:Index="2" ss:StyleID="s72"/>
   </Row>
   <Row>
    <Cell ss:Index="2" ss:StyleID="s72"/>
   </Row>
   <Row>
    <Cell ss:Index="2" ss:StyleID="s72"/>
   </Row>
   <Row>
    <Cell ss:Index="2" ss:StyleID="s72"/>
   </Row>
   <Row>
    <Cell ss:Index="2" ss:StyleID="s72"/>
   </Row>
   <Row>
    <Cell ss:Index="2" ss:StyleID="s72"/>
   </Row>
   <Row>
    <Cell ss:Index="2" ss:StyleID="s72"/>
   </Row>
   <Row>
    <Cell ss:Index="2" ss:StyleID="s72"/>
   </Row>
   <Row>
    <Cell ss:Index="2" ss:StyleID="s72"/>
   </Row>
   <Row>
    <Cell ss:Index="2" ss:StyleID="s72"/>
   </Row>
  </Table>
  <WorksheetOptions xmlns="urn:schemas-microsoft-com:office:excel">
   <Print>
    <ValidPrinterInfo/>
    <PaperSizeIndex>9</PaperSizeIndex>
    <HorizontalResolution>300</HorizontalResolution>
    <VerticalResolution>600</VerticalResolution>
   </Print>
   <Selected/>
   <FreezePanes/>
   <FrozenNoSplit/>
   <SplitHorizontal>1</SplitHorizontal>
   <TopRowBottomPane>66</TopRowBottomPane>
   <ActivePane>2</ActivePane>
   <Panes>
    <Pane>
     <Number>3</Number>
    </Pane>
    <Pane>
     <Number>2</Number>
     <ActiveRow>77</ActiveRow>
     <ActiveCol>5</ActiveCol>
    </Pane>
   </Panes>
   <ProtectObjects>False</ProtectObjects>
   <ProtectScenarios>False</ProtectScenarios>
  </WorksheetOptions>
  <DataValidation xmlns="urn:schemas-microsoft-com:office:excel">
   <Range>R160C3,R87C3:R88C3,R144C3:R152C3,R122C3:R124C3,R84C3:R85C3,R82C3,R178C3:R187C3,R175C3:R176C3,R141C3:R142C3,R138C3,R154C3,R126C3,R128C3:R135C3,R277C3:R65447C3,R94C3:R99C3,R101C3,R103C3,R2C3:R20C3,R74C3:R76C3,R79C3:R80C3,R91C3:R92C3,R120C3,R23C3:R27C3,R105C3:R108C3,R29C3:R64C3,R66C3:R72C3</Range>
   <Type>List</Type>
   <CellRangeList/>
   <Value>&quot;Extraterrestrials,ExtraterrestrialTech,UFOs,Weaponary,Armour,Equipment,Vehicles,Aircraft,BaseStructures&quot;</Value>
   <ErrorMessage>Use the list to select a dategory.</ErrorMessage>
   <ErrorTitle>Invalid value.</ErrorTitle>
  </DataValidation>
  <DataValidation xmlns="urn:schemas-microsoft-com:office:excel">
   <Range>R1C3</Range>
   <ErrorMessage>Use the list to select a dategory.</ErrorMessage>
   <ErrorTitle>Invalid value.</ErrorTitle>
  </DataValidation>
 </Worksheet>
</Workbook>
