<?xml version="1.0"?>
<Sounds>	
	<General>
		<Sound MODMERGEATTRIBUTE="name" name="Weapon GBE Reload" volume="0.85" group="1" comment="">
			<Wave MODMERGE="insert">audio/sfx/weapons/weapon_gbe_reload.ogg</Wave>
		</Sound>    

		 <Sound MODMERGEATTRIBUTE="name" name="Weapon GBE Single" volume="0.7" group="1" comment="">
		  <Wave MODMERGE="insert">audio/sfx/weapons/weapon_gbe_single.ogg</Wave>
		</Sound>
		
		<Sound MODMERGEATTRIBUTE="name" name="Weapon GBE Burst" volume="0.65" group="1" comment="">
		  <Wave MODMERGE="insert" >audio/sfx/weapons/weapon_gbe_burst.ogg</Wave>
		</Sound>
		
		<Sound MODMERGEATTRIBUTE="name" name="Weapon GBE Blast" volume="0.6" group="1" comment="">
		  <Wave MODMERGE="insert">audio/sfx/weapons/weapon_gbe_blast1.ogg</Wave>
		  <Wave MODMERGE="insert">audio/sfx/weapons/weapon_gbe_blast2.ogg</Wave>
		  <Wave MODMERGE="insert">audio/sfx/weapons/weapon_gbe_blast3.ogg</Wave>
		  <Wave MODMERGE="insert">audio/sfx/weapons/weapon_gbe_blast4.ogg</Wave>
		</Sound>
	</General>
</Sounds>
