<?xml version="1.0"?>
<?mso-application progid="Excel.Sheet"?>
<Workbook xmlns="urn:schemas-microsoft-com:office:spreadsheet"
 xmlns:o="urn:schemas-microsoft-com:office:office"
 xmlns:x="urn:schemas-microsoft-com:office:excel"
 xmlns:ss="urn:schemas-microsoft-com:office:spreadsheet"
 xmlns:html="http://www.w3.org/TR/REC-html40">
 <DocumentProperties xmlns="urn:schemas-microsoft-com:office:office">
  <Author>Solver</Author>
  <LastAuthor>DUman</LastAuthor>
  <Created>2011-04-13T20:36:37Z</Created>
  <LastSaved>2014-07-06T13:17:28Z</LastSaved>
  <Version>12.00</Version>
 </DocumentProperties>
 <ExcelWorkbook xmlns="urn:schemas-microsoft-com:office:excel">
  <WindowHeight>6315</WindowHeight>
  <WindowWidth>13425</WindowWidth>
  <WindowTopX>0</WindowTopX>
  <WindowTopY>0</WindowTopY>
  <TabRatio>214</TabRatio>
  <DisplayDrawingObjects>PlaceHolders</DisplayDrawingObjects>
  <RefModeR1C1/>
  <ProtectStructure>False</ProtectStructure>
  <ProtectWindows>False</ProtectWindows>
 </ExcelWorkbook>
 <Styles>
  <Style ss:ID="Default" ss:Name="Normal">
   <Alignment ss:Vertical="Bottom"/>
   <Borders/>
   <Interior/>
   <NumberFormat/>
   <Protection/>
  </Style>
  <Style ss:ID="s62" ss:Name="Normal 2">
   <Font ss:FontName="Calibri" x:Family="Swiss" ss:Size="11" ss:Color="#000000"/>
   <Interior/>
  </Style>
  <Style ss:ID="s63" ss:Name="Normal 2 2">
   <Alignment ss:Vertical="Bottom"/>
   <Font ss:FontName="Calibri" x:Family="Swiss" ss:Size="11" ss:Color="#000000"/>
   <Interior/>
  </Style>
  <Style ss:ID="s64" ss:Name="Normal 3">
   <Alignment ss:Vertical="Bottom"/>
   <Borders/>
   <Font ss:FontName="Arial" x:Family="Swiss"/>
   <Interior/>
   <NumberFormat/>
   <Protection/>
  </Style>
  <Style ss:ID="s65" ss:Name="Normal_strings_2">
   <Alignment ss:Vertical="Bottom"/>
   <Borders/>
   <Font ss:FontName="Arial" x:Family="Swiss"/>
   <Interior/>
   <NumberFormat/>
   <Protection/>
  </Style>
  <Style ss:ID="s66">
   <NumberFormat ss:Format="@"/>
  </Style>
  <Style ss:ID="s68">
   <Alignment ss:Vertical="Bottom" ss:WrapText="1"/>
  </Style>
  <Style ss:ID="s69">
   <Alignment ss:Vertical="Bottom" ss:WrapText="1"/>
   <NumberFormat/>
  </Style>
  <Style ss:ID="s75" ss:Parent="s64">
   <Alignment ss:Vertical="Center"/>
   <Interior/>
  </Style>
  <Style ss:ID="s76" ss:Parent="s64">
   <Alignment ss:Vertical="Center"/>
   <Font ss:FontName="Arial" x:CharSet="238" x:Family="Swiss"/>
   <Interior/>
  </Style>
  <Style ss:ID="s81" ss:Parent="s63">
   <Alignment ss:Vertical="Bottom" ss:WrapText="1"/>
   <Font ss:FontName="Calibri" x:Family="Swiss" ss:Size="11" ss:Color="#000000"/>
   <Interior/>
  </Style>
  <Style ss:ID="s82" ss:Parent="s62">
   <Font ss:FontName="Calibri" x:Family="Swiss" ss:Size="11" ss:Color="#000000"/>
   <Interior ss:Color="#C00000" ss:Pattern="Solid"/>
  </Style>
  <Style ss:ID="s83">
   <Interior ss:Color="#C00000" ss:Pattern="Solid"/>
  </Style>
 </Styles>
 <Worksheet ss:Name="strings">
  <Names>
   <NamedRange ss:Name="_FilterDatabase" ss:RefersTo="=strings!R1C1:R2105C10"
    ss:Hidden="1"/>
  </Names>
  <Table>
   <Column ss:AutoFitWidth="0" ss:Width="246"/>
   <Column ss:AutoFitWidth="0" ss:Width="844.5"/>
   <Row ss:AutoFitHeight="0">
    <Cell><Data ss:Type="String">weapon.gbe</Data><NamedCell ss:Name="_FilterDatabase"/></Cell>
    <Cell><Data ss:Type="String">Graviton Beam Emitter</Data><NamedCell ss:Name="_FilterDatabase"/></Cell>
   </Row>
   <Row ss:AutoFitHeight="0">
    <Cell><Data ss:Type="String">weapon.gbe.desc</Data><NamedCell ss:Name="_FilterDatabase"/></Cell>
    <Cell><Data ss:Type="String">&lt;font face=&quot;fonts/arial.mvec&quot;\&gt;&lt;b&gt;Graviton Beam Emitter:&lt;/b&gt;&#10;&#10;The GBE is a Class 1 Critical Effect Weapon. It projects a charged graviton beam, annihilating anything in its path and causing massive collateral damage to anything caught within the imminent impact point of the beam. Extremely powerful, accurate, lightweight and flexible.&#10;&#10;The GBE can be fired at a low-power accurate mode, consuming less energy and hitting a single small area accurately, or it can be charged to fire in high-power burst mode, where firepower is multiplied ten fold and the weapon fires like a shotgun, bombing a large area, potentially vaporizing multiple targets.&#10;&#10;WARNING: Do not fire at point blank range.&#10;&#10;Range:                                                    80&#10;Damage:                                                 6000  Kinetic&#10;Suppression:                                            6000 Suppression&#10;Armour Mitigation:                                   6000&#10;Blast Radius:                                            1.5 Tiles&#10;Ammo Capacity:                                     100-1000 shots&#10;Reaction Modifier:                                   1.5x&#10;Recoil:                                                     10 Recoil&#10;&#10;Fire Modes:&#10;- 15%% TU                                                 100 Acc x 1x6 shot&#10;- 20%% TU                                                 400 Acc x 1x6 shot&#10;&#10;- 45%% TU                                                 1 Acc x 10x6 shots</Data><NamedCell ss:Name="_FilterDatabase"/></Cell>
   </Row>
   <Row ss:AutoFitHeight="0">
    <Cell><Data ss:Type="String">ammo.gbe</Data><NamedCell ss:Name="_FilterDatabase"/></Cell>
    <Cell><Data ss:Type="String">GBE Graviton Capacitor</Data><NamedCell ss:Name="_FilterDatabase"/></Cell>
   </Row>
   <Row ss:AutoFitHeight="0">
    <Cell><Data ss:Type="String">Researches.gbe</Data><NamedCell ss:Name="_FilterDatabase"/></Cell>
    <Cell><Data ss:Type="String">Class 1 Critical Effect Weapon</Data><NamedCell ss:Name="_FilterDatabase"/></Cell>
   </Row>
   <Row ss:AutoFitHeight="0">
    <Cell><Data ss:Type="String">Researches.gbeDesc</Data><NamedCell ss:Name="_FilterDatabase"/></Cell>
    <Cell><Data ss:Type="String">A frightening infantry weapon based on the concept of Graviton Projection.</Data><NamedCell ss:Name="_FilterDatabase"/></Cell>
   </Row> 
  </Table>
  <WorksheetOptions xmlns="urn:schemas-microsoft-com:office:excel">
   <Unsynced/>
   <Print>
    <ValidPrinterInfo/>
    <HorizontalResolution>300</HorizontalResolution>
    <VerticalResolution>300</VerticalResolution>
   </Print>
   <Selected/>
   <TopRowVisible>566</TopRowVisible>
   <Panes>
    <Pane>
     <Number>3</Number>
     <ActiveRow>586</ActiveRow>
    </Pane>
   </Panes>
   <ProtectObjects>False</ProtectObjects>
   <ProtectScenarios>False</ProtectScenarios>
  </WorksheetOptions>
  <AutoFilter x:Range="R1C1:R2105C10"
   xmlns="urn:schemas-microsoft-com:office:excel">
  </AutoFilter>
 </Worksheet>
</Workbook>
