<?xml version="1.0"?>
<?mso-application progid="Excel.Sheet"?>
<Workbook xmlns="urn:schemas-microsoft-com:office:spreadsheet"
 xmlns:o="urn:schemas-microsoft-com:office:office"
 xmlns:x="urn:schemas-microsoft-com:office:excel"
 xmlns:ss="urn:schemas-microsoft-com:office:spreadsheet"
 xmlns:html="http://www.w3.org/TR/REC-html40"
 xmlns:x2="http://schemas.microsoft.com/office/excel/2003/xml"
 xmlns:udc="http://schemas.microsoft.com/data/udc"
 xmlns:xsd="http://www.w3.org/2001/XMLSchema"
 xmlns:udcxf="http://schemas.microsoft.com/data/udc/xmlfile">
 <DocumentProperties xmlns="urn:schemas-microsoft-com:office:office">
  <LastAuthor>Alex Pazder</LastAuthor>
  <Created>2011-04-10T13:25:47Z</Created>
  <LastSaved>2014-08-22T21:26:51Z</LastSaved>
  <Version>14.00</Version>
 </DocumentProperties>
 <OfficeDocumentSettings xmlns="urn:schemas-microsoft-com:office:office">
  <DownloadComponents/>
  <LocationOfComponents HRef="/"/>
 </OfficeDocumentSettings>
 <ExcelWorkbook xmlns="urn:schemas-microsoft-com:office:excel">
  <WindowHeight>11580</WindowHeight>
  <WindowWidth>19440</WindowWidth>
  <WindowTopX>120</WindowTopX>
  <WindowTopY>315</WindowTopY>
  <RefModeR1C1/>
  <ProtectStructure>False</ProtectStructure>
  <ProtectWindows>False</ProtectWindows>
 </ExcelWorkbook>
 <Styles>
  <Style ss:ID="Default" ss:Name="Normal">
   <Alignment ss:Vertical="Bottom"/>
   <Borders/>
   <Font ss:FontName="Arial"/>
   <Interior/>
   <NumberFormat/>
   <Protection/>
  </Style>
  <Style ss:ID="s62">
   <Font ss:FontName="Arial" ss:Bold="1"/>
  </Style>
  <Style ss:ID="s63">
   <Font ss:FontName="Arial" x:Family="Swiss" ss:Bold="1"/>
  </Style>
  <Style ss:ID="s64">
   <Font ss:FontName="Arial" x:CharSet="238" x:Family="Swiss" ss:Bold="1"/>
  </Style>
  <Style ss:ID="s65">
   <NumberFormat ss:Format="@"/>
  </Style>
  <Style ss:ID="s66">
   <NumberFormat/>
  </Style>
 </Styles>
 <Worksheet ss:Name="Sheet1">
  <Names>
   <NamedRange ss:Name="_FilterDatabase" ss:RefersTo="=Sheet1!R1C1:R3C13"
    ss:Hidden="1"/>
  </Names>
  <Table ss:ExpandedColumnCount="17" ss:ExpandedRowCount="6" x:FullColumns="1"
   x:FullRows="1" ss:DefaultRowHeight="13.3125">
   <Column ss:AutoFitWidth="0" ss:Width="142.5"/>
   <Column ss:Width="126.75" ss:Span="1"/>
   <Column ss:Index="4" ss:Width="26.25"/>
   <Column ss:Width="59.25"/>
   <Column ss:Width="44.25"/>
   <Column ss:Width="33"/>
   <Column ss:Width="41.25"/>
   <Column ss:Width="60"/>
   <Column ss:Width="49.5"/>
   <Column ss:Width="58.5"/>
   <Column ss:Width="45.75"/>
   <Column ss:Width="93.75"/>
   <Column ss:Width="56.25"/>
   <Column ss:Width="66.75"/>
   <Column ss:Width="93.75"/>
      <Row ss:AutoFitHeight="0">
    <Cell ss:StyleID="s62"><Data ss:Type="String">name</Data><NamedCell
      ss:Name="_FilterDatabase"/></Cell>
    <Cell ss:StyleID="s62"><Data ss:Type="String">stockTextureName</Data><NamedCell
      ss:Name="_FilterDatabase"/></Cell>
    <Cell ss:StyleID="s62"><Data ss:Type="String">dragTextureName</Data><NamedCell
      ss:Name="_FilterDatabase"/></Cell>
    <Cell ss:StyleID="s62"><Data ss:Type="String">type</Data><NamedCell
      ss:Name="_FilterDatabase"/></Cell>
    <Cell ss:StyleID="s62"><Data ss:Type="String">twoHanded</Data><NamedCell
      ss:Name="_FilterDatabase"/></Cell>
    <Cell ss:StyleID="s62"><Data ss:Type="String">damage</Data><NamedCell
      ss:Name="_FilterDatabase"/></Cell>
    <Cell ss:StyleID="s62"><Data ss:Type="String">range</Data><NamedCell
      ss:Name="_FilterDatabase"/></Cell>
    <Cell ss:StyleID="s62"><Data ss:Type="String">clipsize</Data><NamedCell
      ss:Name="_FilterDatabase"/></Cell>
    <Cell ss:StyleID="s62"><Data ss:Type="String">accuracy</Data><NamedCell
      ss:Name="_FilterDatabase"/></Cell>
    <Cell ss:StyleID="s62"><Data ss:Type="String">weight</Data><NamedCell
      ss:Name="_FilterDatabase"/></Cell>
    <Cell ss:StyleID="s62"><Data ss:Type="String">slotsizex</Data><NamedCell
      ss:Name="_FilterDatabase"/></Cell>
    <Cell ss:StyleID="s62"><Data ss:Type="String">slotsizey</Data><NamedCell
      ss:Name="_FilterDatabase"/></Cell>
    <Cell ss:StyleID="s62"><Data ss:Type="String">ammo</Data><NamedCell
      ss:Name="_FilterDatabase"/></Cell>
    <Cell ss:StyleID="s62"><Data ss:Type="String">reloadCost</Data></Cell>
    <Cell ss:StyleID="s62"><Data ss:Type="String">reloadSound</Data></Cell>
    <Cell ss:StyleID="s63"><Data ss:Type="String">inventoryCategory</Data></Cell>
    <Cell ss:StyleID="s64"><Data ss:Type="String">isBigGun</Data></Cell>
   </Row>
<Row ss:AutoFitHeight="0">
    <Cell ss:StyleID="s65"><Data ss:Type="String">weapon.gbe</Data><NamedCell
      ss:Name="_FilterDatabase"/></Cell>
    <Cell ss:StyleID="s65"><Data ss:Type="String">weapons/gbe</Data><NamedCell
      ss:Name="_FilterDatabase"/></Cell>
    <Cell ss:StyleID="s65"><Data ss:Type="String">weapons/gbe</Data><NamedCell
      ss:Name="_FilterDatabase"/></Cell>
    <Cell ss:StyleID="s65"><Data ss:Type="String">ballistic</Data><NamedCell
      ss:Name="_FilterDatabase"/></Cell>
    <Cell ss:StyleID="s66"><Data ss:Type="Boolean">1</Data><NamedCell
      ss:Name="_FilterDatabase"/></Cell>
    <Cell ss:StyleID="s66"><Data ss:Type="Number">6000</Data><NamedCell
      ss:Name="_FilterDatabase"/></Cell>
    <Cell ss:StyleID="s66"><Data ss:Type="Number">80</Data><NamedCell
      ss:Name="_FilterDatabase"/></Cell>
    <Cell ss:StyleID="s66"><Data ss:Type="Number">1000</Data><NamedCell
      ss:Name="_FilterDatabase"/></Cell>
    <Cell ss:StyleID="s66"><Data ss:Type="Number">1.0</Data><NamedCell
      ss:Name="_FilterDatabase"/></Cell>
    <Cell ss:StyleID="s66"><Data ss:Type="Number">4</Data><NamedCell
      ss:Name="_FilterDatabase"/></Cell>
    <Cell ss:StyleID="s66"><Data ss:Type="Number">5</Data><NamedCell
      ss:Name="_FilterDatabase"/></Cell>
    <Cell ss:StyleID="s66"><Data ss:Type="Number">2</Data><NamedCell
      ss:Name="_FilterDatabase"/></Cell>
    <Cell ss:StyleID="s65"><Data ss:Type="String">ammo.gbe</Data><NamedCell
      ss:Name="_FilterDatabase"/></Cell>
    <Cell ss:StyleID="s66"><Data ss:Type="Number">30</Data></Cell>
    <Cell ss:Index="16"><Data ss:Type="String">Ballistics</Data></Cell>
   </Row>
</Table><WorksheetOptions xmlns="urn:schemas-microsoft-com:office:excel">
   <Unsynced/>
   <Print>
    <ValidPrinterInfo/>
    <PaperSizeIndex>9</PaperSizeIndex>
    <HorizontalResolution>-3</HorizontalResolution>
    <VerticalResolution>600</VerticalResolution>
   </Print>
   <Selected/>
   <FreezePanes/>
   <FrozenNoSplit/>
   <SplitVertical>1</SplitVertical>
   <LeftColumnRightPane>1</LeftColumnRightPane>
   <ActivePane>1</ActivePane>
   <Panes>
    <Pane>
     <Number>3</Number>
    </Pane>
    <Pane>
     <Number>1</Number>
     <ActiveRow>15</ActiveRow>
     <ActiveCol>2</ActiveCol>
    </Pane>
   </Panes>
   <ProtectObjects>False</ProtectObjects>
   <ProtectScenarios>False</ProtectScenarios>
  </WorksheetOptions>
  <DataValidation xmlns="urn:schemas-microsoft-com:office:excel">
   <Range>R2C16,R7C16:R971C16</Range>
   <Type>List</Type>
   <UseBlank/>
   <CellRangeList/>
   <Value>&quot;Ballistics,Lasers,Plasmas,MAGs,Grenades,Rockets,Other&quot;</Value>
  </DataValidation>
 </Worksheet>
 <Worksheet ss:Name="Sheet2">
  <Table ss:ExpandedColumnCount="1" ss:ExpandedRowCount="1" x:FullColumns="1"
   x:FullRows="1" ss:DefaultRowHeight="13.3125">
   <Row ss:AutoFitHeight="0"/>
  </Table>
  <WorksheetOptions xmlns="urn:schemas-microsoft-com:office:excel">
   <Unsynced/>
   <ProtectObjects>False</ProtectObjects>
   <ProtectScenarios>False</ProtectScenarios>
  </WorksheetOptions>
 </Worksheet>
 <Worksheet ss:Name="Sheet3">
  <Table ss:ExpandedColumnCount="1" ss:ExpandedRowCount="1" x:FullColumns="1"
   x:FullRows="1" ss:DefaultRowHeight="13.3125">
   <Row ss:AutoFitHeight="0"/>
  </Table>
  <WorksheetOptions xmlns="urn:schemas-microsoft-com:office:excel">
   <Unsynced/>
   <ProtectObjects>False</ProtectObjects>
   <ProtectScenarios>False</ProtectScenarios>
  </WorksheetOptions>
 </Worksheet>
</Workbook>
