<?xml version="1.0"?>
<Weapons>
	<Weapon MODMERGEATTRIBUTE="name" MODMERGE="insert" name="weapon.gbe" bulletType="rocket" emptySound="Empty Click 1">
		<props range="80" hands="2" recoil="0" weight="4" isHeavy="0" clipSize="1000" reloadAPCost="30" reloadSound="Weapon GBE Reload" reactionModifier="1.7" />
		<SingleShot sound="Weapon GBE Single" delay="0.5" suppressionValue="500" suppressionRadius="3">
			<Set1 ap="15" accuracy="150" />
			<Set2 ap="20" accuracy="400" />
		</SingleShot>
		<BurstFire ap="45" accuracy="2" sound="Weapon GBE Burst" shotCount="10" delay="0.9" burstdelay="0.02" suppressionValue="800" suppressionRadius="5" />
		<GUIImage name="gui/weapons/gbe.png"/>
		<GroundImage name="grounditemimages/mag_rifle.png"/>
		<Ammos>
			<Ammo name="ammo.gbe" type="kinetic" damage="6000" stunDamage="6000" mitigation="6000" apDamage="6000" pelletCount="6" isHypervelocity="1" isOverdamage="1">
				<Projectile spectre="projectiles/gstar/gstar" speed="4000" showAfterDistance="60.0"/>
				<Impact spectre="particles/gblast/gblast" radius="1.5" smokeChance="0.1" sound="Weapon GBE Blast" gasType="GrenadeFragSmoke" />
			</Ammo>
		</Ammos>
	</Weapon>
</Weapons>