<?xml version="1.0"?>
<?mso-application progid="Excel.Sheet"?>
<Workbook xmlns="urn:schemas-microsoft-com:office:spreadsheet"
 xmlns:o="urn:schemas-microsoft-com:office:office"
 xmlns:x="urn:schemas-microsoft-com:office:excel"
 xmlns:ss="urn:schemas-microsoft-com:office:spreadsheet"
 xmlns:html="http://www.w3.org/TR/REC-html40">
 <DocumentProperties xmlns="urn:schemas-microsoft-com:office:office">
  <Author>Ruth and Will</Author>
  <LastAuthor>Ruth and Will</LastAuthor>
  <Created>2013-04-29T16:38:45Z</Created>
  <LastSaved>2014-06-05T13:13:11Z</LastSaved>
  <Version>14.00</Version>
 </DocumentProperties>
 <OfficeDocumentSettings xmlns="urn:schemas-microsoft-com:office:office">
  <AllowPNG/>
 </OfficeDocumentSettings>
 <ExcelWorkbook xmlns="urn:schemas-microsoft-com:office:excel">
  <WindowHeight>5205</WindowHeight>
  <WindowWidth>14355</WindowWidth>
  <WindowTopX>7320</WindowTopX>
  <WindowTopY>3075</WindowTopY>
  <TabRatio>221</TabRatio>
  <RefModeR1C1/>
  <ProtectStructure>False</ProtectStructure>
  <ProtectWindows>False</ProtectWindows>
 </ExcelWorkbook>
 <Styles>
  <Style ss:ID="Default" ss:Name="Normal">
   <Alignment ss:Vertical="Bottom"/>
   <Borders/>
   <Font ss:FontName="Arial" x:Family="Swiss"/>
   <Interior/>
   <NumberFormat/>
   <Protection/>
  </Style>
  <Style ss:ID="s62" ss:Name="Normal 2 9">
   <Alignment ss:Vertical="Bottom"/>
   <Borders/>
   <Font ss:FontName="Arial" x:Family="Swiss"/>
   <Interior/>
   <NumberFormat/>
   <Protection/>
  </Style>
  <Style ss:ID="s63" ss:Name="Normal 5">
   <Alignment ss:Vertical="Bottom"/>
   <Borders/>
   <Interior/>
   <NumberFormat/>
   <Protection/>
  </Style>
  <Style ss:ID="s64">
   <Alignment ss:Horizontal="Center" ss:Vertical="Bottom"/>
  </Style>
  <Style ss:ID="s65">
   <Alignment ss:Horizontal="Left" ss:Vertical="Bottom"/>
  </Style>
  <Style ss:ID="s68">
   <Borders>
    <Border ss:Position="Bottom" ss:LineStyle="Continuous" ss:Weight="1"/>
    <Border ss:Position="Left" ss:LineStyle="Continuous" ss:Weight="1"/>
    <Border ss:Position="Right" ss:LineStyle="Continuous" ss:Weight="1"/>
    <Border ss:Position="Top" ss:LineStyle="Continuous" ss:Weight="1"/>
   </Borders>
  </Style>
  <Style ss:ID="s69">
   <Alignment ss:Horizontal="Center" ss:Vertical="Center"/>
   <Borders>
    <Border ss:Position="Bottom" ss:LineStyle="Continuous" ss:Weight="1"/>
    <Border ss:Position="Left" ss:LineStyle="Continuous" ss:Weight="1"/>
    <Border ss:Position="Right" ss:LineStyle="Continuous" ss:Weight="1"/>
    <Border ss:Position="Top" ss:LineStyle="Continuous" ss:Weight="1"/>
   </Borders>
   <Interior ss:Color="#969696" ss:Pattern="Solid"/>
  </Style>
  <Style ss:ID="s70">
   <Alignment ss:Horizontal="Left" ss:Vertical="Center"/>
   <Borders>
    <Border ss:Position="Bottom" ss:LineStyle="Continuous" ss:Weight="1"/>
    <Border ss:Position="Left" ss:LineStyle="Continuous" ss:Weight="1"/>
    <Border ss:Position="Right" ss:LineStyle="Continuous" ss:Weight="1"/>
    <Border ss:Position="Top" ss:LineStyle="Continuous" ss:Weight="1"/>
   </Borders>
   <Interior ss:Color="#969696" ss:Pattern="Solid"/>
  </Style>
  <Style ss:ID="s72" ss:Parent="s62">
   <Alignment ss:Vertical="Bottom"/>
   <Font ss:FontName="Arial" x:Family="Swiss" ss:Color="#000000"/>
   <Interior/>
  </Style>
  <Style ss:ID="s73">
   <Font ss:FontName="Arial" x:Family="Swiss" ss:Color="#000000"/>
   <Interior/>
  </Style>
  <Style ss:ID="s74">
   <Alignment ss:Horizontal="Center" ss:Vertical="Bottom"/>
   <Font ss:FontName="Arial" x:Family="Swiss" ss:Color="#000000"/>
   <Interior/>
  </Style>
  <Style ss:ID="s75">
   <Alignment ss:Horizontal="Center" ss:Vertical="Bottom"/>
   <Interior/>
  </Style>
  <Style ss:ID="s76">
   <Alignment ss:Horizontal="Left" ss:Vertical="Bottom" ss:WrapText="1"/>
   <Font ss:FontName="Arial" x:Family="Swiss" ss:Color="#000000"/>
   <Interior/>
  </Style>
  <Style ss:ID="s77">
   <Alignment ss:Horizontal="Left" ss:Vertical="Bottom" ss:WrapText="1"/>
   <Font ss:FontName="Arial" x:Family="Swiss"/>
   <Interior/>
  </Style>
  <Style ss:ID="s78">
   <Alignment ss:Vertical="Bottom"/>
   <Font ss:FontName="Arial" x:Family="Swiss"/>
   <Interior/>
  </Style>
  <Style ss:ID="s79">
   <Font ss:FontName="Arial" x:Family="Swiss"/>
   <Interior/>
  </Style>
  <Style ss:ID="s80">
   <Alignment ss:Horizontal="Left" ss:Vertical="Bottom"/>
   <Font ss:FontName="Arial" x:Family="Swiss"/>
   <Interior/>
  </Style>
  <Style ss:ID="s81">
   <Alignment ss:Vertical="Center"/>
   <Font ss:FontName="Arial" x:CharSet="238" x:Family="Swiss"/>
   <Interior/>
  </Style>
  <Style ss:ID="s82">
   <Interior/>
  </Style>
  <Style ss:ID="s83" ss:Parent="s62">
   <Alignment ss:Horizontal="Left" ss:Vertical="Center"/>
   <Interior/>
  </Style>
  <Style ss:ID="s84" ss:Parent="s62">
   <Alignment ss:Vertical="Center"/>
   <Font ss:FontName="Arial" x:CharSet="238" x:Family="Swiss"/>
   <Interior/>
  </Style>
  <Style ss:ID="s85" ss:Parent="s62">
   <Alignment ss:Vertical="Center" ss:WrapText="1"/>
   <Font ss:FontName="Arial" x:Family="Swiss"/>
   <Interior/>
  </Style>
  <Style ss:ID="s86">
   <Alignment ss:Horizontal="Center" ss:Vertical="Bottom"/>
   <Font ss:FontName="Arial" x:Family="Swiss"/>
   <Interior/>
  </Style>
  <Style ss:ID="s88" ss:Parent="s63">
   <Font ss:FontName="Arial" x:Family="Swiss"/>
   <Interior/>
  </Style>
  <Style ss:ID="s89">
   <Alignment ss:Vertical="Bottom" ss:WrapText="1"/>
   <Borders/>
   <Font ss:FontName="Arial" x:Family="Swiss"/>
   <Interior/>
   <NumberFormat/>
   <Protection/>
  </Style>
  <Style ss:ID="s90">
   <Alignment ss:Vertical="Bottom" ss:WrapText="1"/>
   <Font ss:FontName="Arial" x:Family="Swiss"/>
   <Interior/>
  </Style>
  <Style ss:ID="s91">
   <Alignment ss:Vertical="Center"/>
   <Font ss:FontName="Arial" x:Family="Swiss"/>
   <Interior/>
  </Style>
 </Styles>
 <Names>
  <NamedRange ss:Name="Categories" ss:RefersTo="=Sheet1!#REF!"/>
 </Names>
 <Worksheet ss:Name="Sheet1">
  <Table ss:ExpandedColumnCount="7" ss:ExpandedRowCount="68" x:FullColumns="1"
   x:FullRows="1" ss:DefaultColumnWidth="60">
   <Column ss:AutoFitWidth="0" ss:Width="232.5" ss:Span="1"/>
   <Column ss:Index="3" ss:AutoFitWidth="0" ss:Width="188.25"/>
   <Column ss:StyleID="s64" ss:AutoFitWidth="0" ss:Width="130.5"/>
   <Column ss:StyleID="s64" ss:AutoFitWidth="0" ss:Width="80.25"/>
   <Column ss:StyleID="s65" ss:AutoFitWidth="0" ss:Width="1067.25"/>
   <Column ss:AutoFitWidth="0" ss:Width="537"/>
   <Row ss:StyleID="s68">
    <Cell ss:StyleID="s69"><Data ss:Type="String">Name</Data></Cell>
    <Cell ss:StyleID="s69"><Data ss:Type="String">DisplayName</Data></Cell>
    <Cell ss:StyleID="s69"><Data ss:Type="String">Image</Data></Cell>
    <Cell ss:StyleID="s69"><Data ss:Type="String">Category</Data></Cell>
    <Cell ss:StyleID="s69"><Data ss:Type="String">Interface</Data></Cell>
    <Cell ss:StyleID="s70"><Data ss:Type="String">Description</Data></Cell>
   </Row>
   <Row ss:AutoFitHeight="0" ss:Height="306">
    <Cell ss:StyleID="s84"><Data ss:Type="String">Researches.gbe</Data></Cell>
    <Cell ss:StyleID="s82"><Data ss:Type="String">Graviton Beam Emitter</Data></Cell>
    <Cell ss:StyleID="s82"><Data ss:Type="String">xenopediaimages/GBE3</Data></Cell>
    <Cell ss:StyleID="s75"><Data ss:Type="String">Xenonaut Weapons</Data></Cell>
    <Cell ss:StyleID="s75"><Data ss:Type="String">WEP</Data></Cell>
    <Cell ss:StyleID="s77"><Data ss:Type="String">Upon studying the alien plasma rifle, we encountered a Graviton Emitter located at the front of the weapon. While the aliens are using this crucial component as nothing more than a tool to launch plasma out of their weapons, we were interested in finding out if the graviton emitter itself could be weaponized.&#10;&#10;Turns out, Toha Heavy Industries, with its head researcher Tihei Nsutomu *cough*, who had inspired this research to begin with, had been attempting to discover the graviton and its applications for decades already. We were able to find the missing pieces and complete the existing research by combining our knowledge. The result was an infantry weapon unlike any other and the full cooperation of Toha Heavy Industries to supply us with limitless amounts of said weapon and ammo to our soldiers.&#10;&#10;Enter the Graviton Beam Emitter, a Class 1 Critical Effect Weapon.&#10;&#10;	Frankly, this is probably the most powerful infantry weapon we'll ever wield in this war against aliens, as there is nothing in our known universe that can defend from it. It is an accurate, lightweight hi-tech infantry weapon that annihilates anything in its path. A test fire in our underground facility of a prototype had created a 70 kilometer long hole out of the bunker, obliterating through layers of reinforced armor plating, concrete, rock, soil and our poor test dummy in one go. With this gun, practically anything the aliens have can be instantly vaporized in a single shot and then some.&#10;&#10;Beware: Anything shot at with this weapon will become unsalvagable for profit or research.&#10;</Data></Cell>
   </Row>
  </Table>
  <WorksheetOptions xmlns="urn:schemas-microsoft-com:office:excel">
   <Print>
    <ValidPrinterInfo/>
    <PaperSizeIndex>9</PaperSizeIndex>
    <HorizontalResolution>300</HorizontalResolution>
    <VerticalResolution>600</VerticalResolution>
   </Print>
   <Selected/>
   <FreezePanes/>
   <FrozenNoSplit/>
   <SplitHorizontal>1</SplitHorizontal>
   <TopRowBottomPane>54</TopRowBottomPane>
   <ActivePane>2</ActivePane>
   <Panes>
    <Pane>
     <Number>3</Number>
    </Pane>
    <Pane>
     <Number>2</Number>
    </Pane>
   </Panes>
   <ProtectObjects>False</ProtectObjects>
   <ProtectScenarios>False</ProtectScenarios>
  </WorksheetOptions>
 </Worksheet>
</Workbook>
 