<?xml version="1.0"?>
<?mso-application progid="Excel.Sheet"?>
<Workbook xmlns="urn:schemas-microsoft-com:office:spreadsheet"
 xmlns:o="urn:schemas-microsoft-com:office:office"
 xmlns:x="urn:schemas-microsoft-com:office:excel"
 xmlns:ss="urn:schemas-microsoft-com:office:spreadsheet"
 xmlns:html="http://www.w3.org/TR/REC-html40">
 <DocumentProperties xmlns="urn:schemas-microsoft-com:office:office">
  <Author>Laci</Author>
  <LastAuthor>Chris</LastAuthor>
  <Created>2011-03-15T15:56:34Z</Created>
  <LastSaved>2014-05-19T16:32:57Z</LastSaved>
  <Version>11.9999</Version>
 </DocumentProperties>
 <OfficeDocumentSettings xmlns="urn:schemas-microsoft-com:office:office">
  <DownloadComponents/>
  <LocationOfComponents HRef="/"/>
 </OfficeDocumentSettings>
 <ExcelWorkbook xmlns="urn:schemas-microsoft-com:office:excel">
  <WindowHeight>2850</WindowHeight>
  <WindowWidth>16500</WindowWidth>
  <WindowTopX>360</WindowTopX>
  <WindowTopY>435</WindowTopY>
  <RefModeR1C1/>
  <ProtectStructure>False</ProtectStructure>
  <ProtectWindows>False</ProtectWindows>
 </ExcelWorkbook>
 <Styles>
  <Style ss:ID="Default" ss:Name="Normal">
   <Alignment ss:Vertical="Bottom"/>
   <Borders/>
   <Font x:CharSet="238"/>
   <Interior/>
   <NumberFormat/>
   <Protection/>
  </Style>
  <Style ss:ID="s21" ss:Name="Normal 2">
   <Alignment ss:Vertical="Bottom"/>
   <Borders/>
   <Font x:Family="Swiss"/>
   <Interior/>
   <NumberFormat/>
   <Protection/>
  </Style>
  <Style ss:ID="s22" ss:Name="Normal 3">
   <Alignment ss:Vertical="Bottom"/>
   <Borders/>
   <Font ss:FontName="Calibri" x:Family="Swiss" ss:Size="11" ss:Color="#000000"/>
   <Interior/>
   <NumberFormat/>
   <Protection/>
  </Style>
  <Style ss:ID="s23" ss:Name="Normal_Sheet1">
   <Alignment ss:Vertical="Bottom"/>
   <Borders/>
   <Font/>
   <Interior/>
   <NumberFormat/>
   <Protection/>
  </Style>
  <Style ss:ID="s24">
   <Alignment ss:Horizontal="Center" ss:Vertical="Bottom"/>
  </Style>
  <Style ss:ID="s25">
   <Alignment ss:Horizontal="Center" ss:Vertical="Bottom"/>
   <Borders>
    <Border ss:Position="Bottom" ss:LineStyle="Continuous" ss:Weight="3"/>
    <Border ss:Position="Left" ss:LineStyle="Continuous" ss:Weight="3"/>
    <Border ss:Position="Right" ss:LineStyle="Continuous" ss:Weight="3"/>
    <Border ss:Position="Top" ss:LineStyle="Continuous" ss:Weight="3"/>
   </Borders>
   <Interior ss:Color="#969696" ss:Pattern="Solid"/>
  </Style>
  <Style ss:ID="s26">
   <NumberFormat ss:Format="#,##0"/>
  </Style>
  <Style ss:ID="s28" ss:Parent="s23">
   <Interior/>
   <NumberFormat/>
  </Style>
  <Style ss:ID="s32" ss:Parent="s21">
   <Alignment ss:Vertical="Center"/>
   <Font x:Family="Swiss"/>
   <Interior/>
  </Style>
 </Styles>
 <Worksheet ss:Name="Sheet1">
  <Table ss:ExpandedColumnCount="41" ss:ExpandedRowCount="44" x:FullColumns="1"
   x:FullRows="1">
   <Column ss:AutoFitWidth="0" ss:Width="133.5"/>
   <Column ss:AutoFitWidth="0" ss:Width="108.75" ss:Span="5"/>
   <Column ss:Index="8" ss:AutoFitWidth="0" ss:Width="98.25"/>
   <Column ss:AutoFitWidth="0" ss:Width="108.75" ss:Span="3"/>
   <Column ss:Index="13" ss:AutoFitWidth="0" ss:Width="176.25"/>
   <Column ss:AutoFitWidth="0" ss:Width="108.75" ss:Span="12"/>
   <Column ss:Index="27" ss:AutoFitWidth="0" ss:Width="354"/>
   <Column ss:AutoFitWidth="0" ss:Width="192" ss:Span="2"/>
   <Column ss:Index="31" ss:AutoFitWidth="0" ss:Width="73.5"/>
   <Column ss:AutoFitWidth="0" ss:Width="108.75"/>
   <Column ss:AutoFitWidth="0" ss:Width="98.25" ss:Span="1"/>
   <Column ss:Index="35" ss:AutoFitWidth="0" ss:Width="108.75"/>
   <Column ss:AutoFitWidth="0" ss:Width="83.25"/>
   <Column ss:AutoFitWidth="0" ss:Width="346.5"/>
   <Column ss:AutoFitWidth="0" ss:Width="107.25"/>
   <Column ss:AutoFitWidth="0" ss:Width="95.25"/>
   <Column ss:AutoFitWidth="0" ss:Width="78.75"/>
   <Column ss:AutoFitWidth="0" ss:Width="114"/>
   <Row ss:AutoFitHeight="0" ss:Height="14.25" ss:StyleID="s24">
    <Cell ss:StyleID="s25"><Data ss:Type="String">Name</Data></Cell>
    <Cell ss:StyleID="s25"><Data ss:Type="String">HitPoints</Data></Cell>
    <Cell ss:StyleID="s25"><Data ss:Type="String">Armour</Data></Cell>
    <Cell ss:StyleID="s25"><Data ss:Type="String">Range</Data></Cell>
    <Cell ss:StyleID="s25"><Data ss:Type="String">TopSpeed</Data></Cell>
    <Cell ss:StyleID="s25"><Data ss:Type="String">Acceleration</Data></Cell>
    <Cell ss:StyleID="s25"><Data ss:Type="String">TurnRate</Data></Cell>
    <Cell ss:StyleID="s25"><Data ss:Type="String">RotationAcc</Data></Cell>
    <Cell ss:StyleID="s25"><Data ss:Type="String">Cannons</Data></Cell>
    <Cell ss:StyleID="s25"><Data ss:Type="String">NormalWeapons</Data></Cell>
    <Cell ss:StyleID="s25"><Data ss:Type="String">HeavyWeapons</Data></Cell>
    <Cell ss:StyleID="s25"><Data ss:Type="String">SuperheavyWeapons</Data></Cell>
    <Cell ss:StyleID="s25"><Data ss:Type="String">WeaponPositions</Data></Cell>
    <Cell ss:StyleID="s25"><Data ss:Type="String">Soldiers</Data></Cell>
    <Cell ss:StyleID="s25"><Data ss:Type="String">Vehicles</Data></Cell>
    <Cell ss:StyleID="s25"><Data ss:Type="String">Grid</Data></Cell>
    <Cell ss:StyleID="s25"><Data ss:Type="String">RadarRange</Data></Cell>
    <Cell ss:StyleID="s25"><Data ss:Type="String">RadarChance</Data></Cell>
    <Cell ss:StyleID="s25"><Data ss:Type="String">Upkeep</Data></Cell>
    <Cell ss:StyleID="s25"><Data ss:Type="String">Length</Data></Cell>
    <Cell ss:StyleID="s25"><Data ss:Type="String">Width</Data></Cell>
    <Cell ss:StyleID="s25"><Data ss:Type="String">Weight</Data></Cell>
    <Cell ss:StyleID="s25"><Data ss:Type="String">CombatArea</Data></Cell>
    <Cell ss:StyleID="s25"><Data ss:Type="String">PowerPlant</Data></Cell>
    <Cell ss:StyleID="s25"><Data ss:Type="String">Airframe</Data></Cell>
    <Cell ss:StyleID="s25"><Data ss:Type="String">ServiceCeiling</Data></Cell>
    <Cell ss:StyleID="s25"><Data ss:Type="String">Loadout</Data></Cell>
    <Cell ss:StyleID="s25"><Data ss:Type="String">SlotPositions</Data></Cell>
    <Cell ss:StyleID="s25"><Data ss:Type="String">Image</Data></Cell>
    <Cell ss:StyleID="s25"><Data ss:Type="String">ACImage</Data></Cell>
    <Cell ss:StyleID="s25"><Data ss:Type="String">SelectionSize</Data></Cell>
    <Cell ss:StyleID="s25"><Data ss:Type="String">CanEvade</Data></Cell>
    <Cell ss:StyleID="s25"><Data ss:Type="String">WeaponLockMod</Data></Cell>
    <Cell ss:StyleID="s25"><Data ss:Type="String">SpawnCrashsite</Data></Cell>
    <Cell ss:StyleID="s25"><Data ss:Type="String">Buyable</Data></Cell>
    <Cell ss:StyleID="s25"><Data ss:Type="String">CanLand</Data></Cell>
    <Cell ss:StyleID="s25"><Data ss:Type="String">OnWinAgainst</Data><Comment
      ss:Author="John"><ss:Data xmlns="http://www.w3.org/TR/REC-html40"><B><Font
         html:Face="Tahoma" x:CharSet="238" html:Size="9" html:Color="#000000">John:</Font></B><Font
        html:Face="Tahoma" x:CharSet="238" html:Size="9" html:Color="#000000">&#10;Semicolon-separated list of items to give to the player</Font></ss:Data></Comment></Cell>
    <Cell ss:StyleID="s25"><Data ss:Type="String">ShotDownBonus</Data></Cell>
    <Cell ss:StyleID="s25"><Data ss:Type="String">AutoresolveStrength</Data></Cell>
    <Cell ss:StyleID="s25"><Data ss:Type="String">AirstrikeValue</Data></Cell>
    <Cell ss:StyleID="s25"><Data ss:Type="String">SEQBackground</Data></Cell>
   </Row>
   <Row ss:AutoFitHeight="0" ss:Height="13.5">
    <Cell><Data ss:Type="String">airplane.human.f17</Data></Cell>
    <Cell><Data ss:Type="Number">300</Data></Cell>
    <Cell><Data ss:Type="Number">0</Data></Cell>
    <Cell><Data ss:Type="Number">24000</Data></Cell>
    <Cell><Data ss:Type="Number">2400</Data></Cell>
    <Cell><Data ss:Type="Number">600</Data></Cell>
    <Cell><Data ss:Type="Number">90</Data></Cell>
    <Cell><Data ss:Type="Number">50</Data></Cell>
    <Cell><Data ss:Type="Number">1</Data></Cell>
    <Cell><Data ss:Type="Number">2</Data></Cell>
    <Cell><Data ss:Type="Number">0</Data></Cell>
    <Cell><Data ss:Type="Number">0</Data></Cell>
    <Cell><Data ss:Type="String">25,44;48,44;33,29</Data></Cell>
    <Cell><Data ss:Type="Number">0</Data></Cell>
    <Cell><Data ss:Type="Number">0</Data></Cell>
    <Cell ss:Index="17"><Data ss:Type="Number">300</Data></Cell>
    <Cell><Data ss:Type="Number">0.4</Data></Cell>
    <Cell ss:StyleID="s26"><Data ss:Type="Number">100000</Data></Cell>
    <Cell><Data ss:Type="Number">15.06</Data></Cell>
    <Cell><Data ss:Type="Number">9.96</Data></Cell>
    <Cell><Data ss:Type="Number">8570</Data></Cell>
    <Cell><Data ss:Type="Number">40</Data></Cell>
    <Cell><Data ss:Type="String">POWERPLANT.Turbofan</Data></Cell>
    <Cell><Data ss:Type="String">F-17 Condor</Data></Cell>
    <Cell><Data ss:Type="Number">61250</Data></Cell>
    <Cell><Data ss:Type="String">AV.AUTOCANNON;AV.SIDEWINDER;AV.SIDEWINDER</Data></Cell>
    <Cell><Data ss:Type="String">1000;580;435;90;435;780</Data></Cell>
    <Cell><Data ss:Type="String">aircraft/f17</Data></Cell>
    <Cell><Data ss:Type="String">aircraft/aircombat/f17</Data></Cell>
    <Cell><Data ss:Type="Number">55</Data></Cell>
    <Cell ss:StyleID="s28"><Data ss:Type="String">Yes</Data></Cell>
    <Cell><Data ss:Type="Number">1</Data></Cell>
    <Cell><Data ss:Type="String">Yes</Data></Cell>
    <Cell ss:StyleID="s28"><Data ss:Type="String">Yes</Data></Cell>
    <Cell><Data ss:Type="String">Yes</Data></Cell>
    <Cell ss:Index="39"><Data ss:Type="Number">0</Data></Cell>
   </Row>
   <Row>
    <Cell><Data ss:Type="String">airplane.human.mig31</Data></Cell>
    <Cell><Data ss:Type="Number">500</Data></Cell>
    <Cell><Data ss:Type="Number">0</Data></Cell>
    <Cell><Data ss:Type="Number">24000</Data></Cell>
    <Cell><Data ss:Type="Number">3000</Data></Cell>
    <Cell><Data ss:Type="Number">600</Data></Cell>
    <Cell><Data ss:Type="Number">90</Data></Cell>
    <Cell><Data ss:Type="Number">50</Data></Cell>
    <Cell><Data ss:Type="Number">0</Data></Cell>
    <Cell><Data ss:Type="Number">0</Data></Cell>
    <Cell><Data ss:Type="Number">2</Data></Cell>
    <Cell><Data ss:Type="Number">0</Data></Cell>
    <Cell><Data ss:Type="String">17,52;58,52;27,43;47,43</Data></Cell>
    <Cell><Data ss:Type="Number">0</Data></Cell>
    <Cell><Data ss:Type="Number">0</Data></Cell>
    <Cell ss:Index="17"><Data ss:Type="Number">300</Data></Cell>
    <Cell><Data ss:Type="Number">0.4</Data></Cell>
    <Cell ss:StyleID="s26"><Data ss:Type="Number">100000</Data></Cell>
    <Cell><Data ss:Type="Number">22.69</Data></Cell>
    <Cell><Data ss:Type="Number">13.46</Data></Cell>
    <Cell><Data ss:Type="Number">21820</Data></Cell>
    <Cell><Data ss:Type="Number">40</Data></Cell>
    <Cell><Data ss:Type="String">POWERPLANT.Soloviev</Data></Cell>
    <Cell><Data ss:Type="String">MiG-32 Foxtrot</Data></Cell>
    <Cell><Data ss:Type="Number">67600</Data></Cell>
    <Cell><Data ss:Type="String">AV.AVALANCHE;AV.AVALANCHE</Data></Cell>
    <Cell><Data ss:Type="String">870;180;870;680;360;130;320;300</Data></Cell>
    <Cell><Data ss:Type="String">aircraft/mig31</Data></Cell>
    <Cell><Data ss:Type="String">aircraft/aircombat/mig</Data></Cell>
    <Cell><Data ss:Type="Number">70</Data></Cell>
    <Cell ss:StyleID="s28"><Data ss:Type="String">No</Data></Cell>
    <Cell><Data ss:Type="Number">1</Data></Cell>
    <Cell><Data ss:Type="String">Yes</Data></Cell>
    <Cell ss:StyleID="s28"><Data ss:Type="String">No</Data></Cell>
    <Cell><Data ss:Type="String">Yes</Data></Cell>
    <Cell ss:Index="39"><Data ss:Type="Number">200</Data></Cell>
   </Row>
   <Row>
    <Cell><Data ss:Type="String">airplane.human.corsair</Data></Cell>
    <Cell><Data ss:Type="Number">1000</Data></Cell>
    <Cell><Data ss:Type="Number">0</Data></Cell>
    <Cell><Data ss:Type="Number">24000</Data></Cell>
    <Cell><Data ss:Type="Number">3800</Data></Cell>
    <Cell><Data ss:Type="Number">600</Data></Cell>
    <Cell><Data ss:Type="Number">120</Data></Cell>
    <Cell><Data ss:Type="Number">60</Data></Cell>
    <Cell><Data ss:Type="Number">2</Data></Cell>
    <Cell><Data ss:Type="Number">0</Data></Cell>
    <Cell><Data ss:Type="Number">0</Data></Cell>
    <Cell><Data ss:Type="Number">0</Data></Cell>
    <Cell><Data ss:Type="String">20,44;53,44;33,29</Data></Cell>
    <Cell><Data ss:Type="Number">0</Data></Cell>
    <Cell><Data ss:Type="Number">0</Data></Cell>
    <Cell ss:Index="17"><Data ss:Type="Number">300</Data></Cell>
    <Cell><Data ss:Type="Number">0.4</Data></Cell>
    <Cell ss:StyleID="s26"><Data ss:Type="Number">100000</Data></Cell>
    <Cell><Data ss:Type="Number">19.74</Data></Cell>
    <Cell><Data ss:Type="Number">11.86</Data></Cell>
    <Cell><Data ss:Type="Number">19142</Data></Cell>
    <Cell><Data ss:Type="Number">40</Data></Cell>
    <Cell><Data ss:Type="String">POWERPLANT.AleniumRepulsion</Data></Cell>
    <Cell><Data ss:Type="String">X-37 Corsair</Data></Cell>
    <Cell><Data ss:Type="Number">77900</Data></Cell>
    <Cell><Data ss:Type="String">AV.AUTOCANNON;AV.AUTOCANNON</Data></Cell>
    <Cell><Data ss:Type="String">900;660;900;165;</Data></Cell>
    <Cell><Data ss:Type="String">aircraft/corsair</Data></Cell>
    <Cell><Data ss:Type="String">aircraft/aircombat/corsair</Data></Cell>
    <Cell><Data ss:Type="Number">70</Data></Cell>
    <Cell ss:StyleID="s28"><Data ss:Type="String">Yes</Data></Cell>
    <Cell><Data ss:Type="Number">1</Data></Cell>
    <Cell><Data ss:Type="String">Yes</Data></Cell>
    <Cell ss:StyleID="s28"><Data ss:Type="String">No</Data></Cell>
    <Cell><Data ss:Type="String">Yes</Data></Cell>
    <Cell ss:Index="39"><Data ss:Type="Number">0</Data></Cell>
   </Row>
   <Row>
    <Cell><Data ss:Type="String">airplane.human.marauder</Data></Cell>
    <Cell><Data ss:Type="Number">2000</Data></Cell>
    <Cell><Data ss:Type="Number">0</Data></Cell>
    <Cell><Data ss:Type="Number">32000</Data></Cell>
    <Cell><Data ss:Type="Number">5200</Data></Cell>
    <Cell><Data ss:Type="Number">600</Data></Cell>
    <Cell><Data ss:Type="Number">120</Data></Cell>
    <Cell><Data ss:Type="Number">90</Data></Cell>
    <Cell><Data ss:Type="Number">1</Data></Cell>
    <Cell><Data ss:Type="Number">0</Data></Cell>
    <Cell><Data ss:Type="Number">2</Data></Cell>
    <Cell><Data ss:Type="Number">0</Data></Cell>
    <Cell><Data ss:Type="String">20,44;53,44;33,29</Data></Cell>
    <Cell><Data ss:Type="Number">0</Data></Cell>
    <Cell><Data ss:Type="Number">0</Data></Cell>
    <Cell ss:Index="17"><Data ss:Type="Number">400</Data></Cell>
    <Cell><Data ss:Type="Number">0.4</Data></Cell>
    <Cell ss:StyleID="s26"><Data ss:Type="Number">100000</Data></Cell>
    <Cell><Data ss:Type="Number">21.05</Data></Cell>
    <Cell><Data ss:Type="Number">12.58</Data></Cell>
    <Cell><Data ss:Type="Number">23041</Data></Cell>
    <Cell><Data ss:Type="Number">40</Data></Cell>
    <Cell><Data ss:Type="String">POWERPLANT.FusionCore</Data></Cell>
    <Cell><Data ss:Type="String">X-59 Marauder</Data></Cell>
    <Cell><Data ss:Type="Number">128760</Data></Cell>
    <Cell><Data ss:Type="String">AV.AUTOCANNON;AV.AVALANCHE;AV.AVALANCHE</Data></Cell>
    <Cell><Data ss:Type="String">1075;620;280;90;280;760</Data></Cell>
    <Cell><Data ss:Type="String">aircraft/marauder</Data></Cell>
    <Cell><Data ss:Type="String">aircraft/aircombat/marauder</Data></Cell>
    <Cell><Data ss:Type="Number">100</Data></Cell>
    <Cell ss:StyleID="s28"><Data ss:Type="String">Yes</Data></Cell>
    <Cell><Data ss:Type="Number">1</Data></Cell>
    <Cell><Data ss:Type="String">Yes</Data></Cell>
    <Cell ss:StyleID="s28"><Data ss:Type="String">No</Data></Cell>
    <Cell><Data ss:Type="String">Yes</Data></Cell>
    <Cell ss:Index="39"><Data ss:Type="Number">750</Data></Cell>
   </Row>
   <Row>
    <Cell><Data ss:Type="String">airplane.human.fury</Data></Cell>
    <Cell><Data ss:Type="Number">2000</Data></Cell>
    <Cell><Data ss:Type="Number">0</Data></Cell>
    <Cell><Data ss:Type="Number">48000</Data></Cell>
    <Cell><Data ss:Type="Number">7000</Data></Cell>
    <Cell><Data ss:Type="Number">600</Data></Cell>
    <Cell><Data ss:Type="Number">90</Data></Cell>
    <Cell><Data ss:Type="Number">120</Data></Cell>
    <Cell><Data ss:Type="Number">0</Data></Cell>
    <Cell><Data ss:Type="Number">0</Data></Cell>
    <Cell><Data ss:Type="Number">0</Data></Cell>
    <Cell><Data ss:Type="Number">1</Data></Cell>
    <Cell><Data ss:Type="String">17,52;58,52;27,43;47,43</Data></Cell>
    <Cell><Data ss:Type="Number">0</Data></Cell>
    <Cell><Data ss:Type="Number">0</Data></Cell>
    <Cell ss:Index="17"><Data ss:Type="Number">500</Data></Cell>
    <Cell><Data ss:Type="Number">0.4</Data></Cell>
    <Cell ss:StyleID="s26"><Data ss:Type="Number">100000</Data></Cell>
    <Cell><Data ss:Type="Number">23.22</Data></Cell>
    <Cell><Data ss:Type="Number">13.29</Data></Cell>
    <Cell><Data ss:Type="Number">18913</Data></Cell>
    <Cell><Data ss:Type="Number">40</Data></Cell>
    <Cell><Data ss:Type="String">POWERPLANT.SingularityPulse</Data></Cell>
    <Cell><Data ss:Type="String">X-120 Fury</Data></Cell>
    <Cell><Data ss:Type="Number">221500</Data></Cell>
    <Cell><Data ss:Type="String">AV.SINGULARITYTORP</Data></Cell>
    <Cell><Data ss:Type="String">1050;650;150;420</Data></Cell>
    <Cell><Data ss:Type="String">aircraft/fury</Data></Cell>
    <Cell><Data ss:Type="String">aircraft/aircombat/fury</Data></Cell>
    <Cell><Data ss:Type="Number">100</Data></Cell>
    <Cell ss:StyleID="s28"><Data ss:Type="String">No</Data></Cell>
    <Cell><Data ss:Type="Number">1</Data></Cell>
    <Cell><Data ss:Type="String">Yes</Data></Cell>
    <Cell ss:StyleID="s28"><Data ss:Type="String">No</Data></Cell>
    <Cell><Data ss:Type="String">Yes</Data></Cell>
    <Cell ss:Index="39"><Data ss:Type="Number">0</Data></Cell>
   </Row>
   <Row>
    <Cell><Data ss:Type="String">airplane.human.chinook</Data></Cell>
    <Cell><Data ss:Type="Number">200</Data></Cell>
    <Cell><Data ss:Type="Number">0</Data></Cell>
    <Cell><Data ss:Type="Number">48000</Data></Cell>
    <Cell><Data ss:Type="Number">2000</Data></Cell>
    <Cell><Data ss:Type="Number">500</Data></Cell>
    <Cell><Data ss:Type="Number">10</Data></Cell>
    <Cell><Data ss:Type="Number">10</Data></Cell>
    <Cell><Data ss:Type="Number">0</Data></Cell>
    <Cell><Data ss:Type="Number">0</Data></Cell>
    <Cell><Data ss:Type="Number">0</Data></Cell>
    <Cell><Data ss:Type="Number">0</Data></Cell>
    <Cell ss:Index="14"><Data ss:Type="Number">8</Data></Cell>
    <Cell><Data ss:Type="Number">1</Data></Cell>
    <Cell><Data ss:Type="String">216;450;491;255;6;3</Data></Cell>
    <Cell><Data ss:Type="Number">100</Data></Cell>
    <Cell><Data ss:Type="Number">0.4</Data></Cell>
    <Cell ss:StyleID="s26"><Data ss:Type="Number">50000</Data></Cell>
    <Cell><Data ss:Type="Number">30.01</Data></Cell>
    <Cell><Data ss:Type="Number">7.02</Data></Cell>
    <Cell><Data ss:Type="Number">10185</Data></Cell>
    <Cell><Data ss:Type="Number">40</Data></Cell>
    <Cell><Data ss:Type="String">POWERPLANT.Turboshaft</Data></Cell>
    <Cell><Data ss:Type="String">CH-48 Charlie</Data></Cell>
    <Cell><Data ss:Type="Number">18500</Data></Cell>
    <Cell ss:Index="29"><Data ss:Type="String">aircraft/chinook</Data></Cell>
    <Cell><Data ss:Type="String">aircraft/aircombat/interceptor</Data></Cell>
    <Cell><Data ss:Type="Number">100</Data></Cell>
    <Cell ss:StyleID="s28"><Data ss:Type="String">No</Data></Cell>
    <Cell><Data ss:Type="Number">1</Data></Cell>
    <Cell><Data ss:Type="String">Yes</Data></Cell>
    <Cell ss:StyleID="s28"><Data ss:Type="String">Yes</Data></Cell>
    <Cell><Data ss:Type="String">Yes</Data></Cell>
    <Cell ss:Index="41"><Data ss:Type="String">ui_screens/ui_soldierequip/chinook</Data></Cell>
   </Row>
   <Row>
    <Cell><Data ss:Type="String">airplane.human.shrike</Data></Cell>
    <Cell><Data ss:Type="Number">2000</Data></Cell>
    <Cell><Data ss:Type="Number">0</Data></Cell>
    <Cell><Data ss:Type="Number">48000</Data></Cell>
    <Cell><Data ss:Type="Number">3100</Data></Cell>
    <Cell><Data ss:Type="Number">600</Data></Cell>
    <Cell><Data ss:Type="Number">20</Data></Cell>
    <Cell><Data ss:Type="Number">20</Data></Cell>
    <Cell><Data ss:Type="Number">0</Data></Cell>
    <Cell><Data ss:Type="Number">0</Data></Cell>
    <Cell><Data ss:Type="Number">0</Data></Cell>
    <Cell><Data ss:Type="Number">0</Data></Cell>
    <Cell ss:Index="14"><Data ss:Type="Number">10</Data></Cell>
    <Cell><Data ss:Type="Number">1</Data></Cell>
    <Cell><Data ss:Type="String">475;429;405;327;5;4</Data></Cell>
    <Cell><Data ss:Type="Number">100</Data></Cell>
    <Cell><Data ss:Type="Number">0.4</Data></Cell>
    <Cell ss:StyleID="s26"><Data ss:Type="Number">50000</Data></Cell>
    <Cell><Data ss:Type="Number">28.83</Data></Cell>
    <Cell><Data ss:Type="Number">10.41</Data></Cell>
    <Cell><Data ss:Type="Number">14828</Data></Cell>
    <Cell><Data ss:Type="Number">40</Data></Cell>
    <Cell><Data ss:Type="String">POWERPLANT.AleniumCore</Data></Cell>
    <Cell><Data ss:Type="String">D-42 Shrike</Data></Cell>
    <Cell><Data ss:Type="Number">28850</Data></Cell>
    <Cell ss:Index="29"><Data ss:Type="String">aircraft/shrike</Data></Cell>
    <Cell><Data ss:Type="String">aircraft/aircombat/interceptor</Data></Cell>
    <Cell><Data ss:Type="Number">100</Data></Cell>
    <Cell ss:StyleID="s28"><Data ss:Type="String">No</Data></Cell>
    <Cell><Data ss:Type="Number">1</Data></Cell>
    <Cell><Data ss:Type="String">Yes</Data></Cell>
    <Cell ss:StyleID="s28"><Data ss:Type="String">No</Data></Cell>
    <Cell><Data ss:Type="String">Yes</Data></Cell>
    <Cell ss:Index="41"><Data ss:Type="String">ui_screens/ui_soldierequip/shrike</Data></Cell>
   </Row>
   <Row>
    <Cell><Data ss:Type="String">airplane.human.valkyrie</Data></Cell>
    <Cell><Data ss:Type="Number">5000</Data></Cell>
    <Cell><Data ss:Type="Number">0</Data></Cell>
    <Cell><Data ss:Type="Number">48000</Data></Cell>
    <Cell><Data ss:Type="Number">6000</Data></Cell>
    <Cell><Data ss:Type="Number">1200</Data></Cell>
    <Cell><Data ss:Type="Number">40</Data></Cell>
    <Cell><Data ss:Type="Number">40</Data></Cell>
    <Cell><Data ss:Type="Number">0</Data></Cell>
    <Cell><Data ss:Type="Number">0</Data></Cell>
    <Cell><Data ss:Type="Number">0</Data></Cell>
    <Cell><Data ss:Type="Number">0</Data></Cell>
    <Cell ss:Index="14"><Data ss:Type="Number">12</Data></Cell>
    <Cell><Data ss:Type="Number">1</Data></Cell>
    <Cell><Data ss:Type="String">475;429;481;327;6;4</Data></Cell>
    <Cell><Data ss:Type="Number">100</Data></Cell>
    <Cell><Data ss:Type="Number">0.4</Data></Cell>
    <Cell ss:StyleID="s26"><Data ss:Type="Number">50000</Data></Cell>
    <Cell><Data ss:Type="Number">31.94</Data></Cell>
    <Cell><Data ss:Type="Number">15.27</Data></Cell>
    <Cell><Data ss:Type="Number">17820</Data></Cell>
    <Cell><Data ss:Type="Number">40</Data></Cell>
    <Cell><Data ss:Type="String">POWERPLANT.SingularityPulse</Data></Cell>
    <Cell><Data ss:Type="String">D-54 Valkyrie</Data></Cell>
    <Cell><Data ss:Type="Number">83200</Data></Cell>
    <Cell ss:Index="29"><Data ss:Type="String">aircraft/valkyrie</Data></Cell>
    <Cell><Data ss:Type="String">aircraft/aircombat/interceptor</Data></Cell>
    <Cell><Data ss:Type="Number">100</Data></Cell>
    <Cell ss:StyleID="s28"><Data ss:Type="String">No</Data></Cell>
    <Cell><Data ss:Type="Number">1</Data></Cell>
    <Cell><Data ss:Type="String">Yes</Data></Cell>
    <Cell ss:StyleID="s28"><Data ss:Type="String">No</Data></Cell>
    <Cell><Data ss:Type="String">Yes</Data></Cell>
    <Cell ss:Index="41"><Data ss:Type="String">ui_screens/ui_soldierequip/valkyrie</Data></Cell>
   </Row>
   <Row>
    <Cell><Data ss:Type="String">airplane.human.base</Data></Cell>
    <Cell><Data ss:Type="Number">1</Data></Cell>
    <Cell><Data ss:Type="Number">0</Data></Cell>
    <Cell><Data ss:Type="Number">1</Data></Cell>
    <Cell><Data ss:Type="Number">1</Data></Cell>
    <Cell><Data ss:Type="Number">1</Data></Cell>
    <Cell><Data ss:Type="Number">1</Data></Cell>
    <Cell><Data ss:Type="Number">1</Data></Cell>
    <Cell><Data ss:Type="Number">0</Data></Cell>
    <Cell><Data ss:Type="Number">0</Data></Cell>
    <Cell><Data ss:Type="Number">0</Data></Cell>
    <Cell><Data ss:Type="Number">0</Data></Cell>
    <Cell ss:Index="14"><Data ss:Type="Number">9999</Data></Cell>
    <Cell><Data ss:Type="Number">9999</Data></Cell>
    <Cell ss:Index="17"><Data ss:Type="Number">1</Data></Cell>
    <Cell><Data ss:Type="Number">1</Data></Cell>
    <Cell ss:StyleID="s26"><Data ss:Type="Number">0</Data></Cell>
    <Cell><Data ss:Type="Number">1</Data></Cell>
    <Cell><Data ss:Type="Number">1</Data></Cell>
    <Cell><Data ss:Type="Number">1</Data></Cell>
    <Cell><Data ss:Type="Number">40</Data></Cell>
    <Cell><Data ss:Type="String">None</Data></Cell>
    <Cell><Data ss:Type="String">None</Data></Cell>
    <Cell><Data ss:Type="Number">1</Data></Cell>
    <Cell ss:Index="29"><Data ss:Type="String">aircraft/chinook</Data></Cell>
    <Cell><Data ss:Type="String">aircraft/aircombat/interceptor</Data></Cell>
    <Cell><Data ss:Type="Number">1</Data></Cell>
    <Cell ss:StyleID="s28"><Data ss:Type="String">No</Data></Cell>
    <Cell><Data ss:Type="Number">1</Data></Cell>
    <Cell><Data ss:Type="String">Yes</Data></Cell>
    <Cell ss:StyleID="s28"><Data ss:Type="String">No</Data></Cell>
    <Cell><Data ss:Type="String">Yes</Data></Cell>
   </Row>
   <Row ss:AutoFitHeight="0" ss:Height="15">
    <Cell><Data ss:Type="String">airplane.alien.fighter</Data></Cell>
    <Cell><Data ss:Type="Number">150</Data></Cell>
    <Cell><Data ss:Type="Number">0</Data></Cell>
    <Cell><Data ss:Type="Number">999999</Data></Cell>
    <Cell><Data ss:Type="Number">1800</Data></Cell>
    <Cell><Data ss:Type="Number">600</Data></Cell>
    <Cell><Data ss:Type="Number">60</Data></Cell>
    <Cell><Data ss:Type="Number">30</Data></Cell>
    <Cell><Data ss:Type="Number">0</Data></Cell>
    <Cell><Data ss:Type="Number">0</Data></Cell>
    <Cell><Data ss:Type="Number">4</Data></Cell>
    <Cell><Data ss:Type="Number">0</Data></Cell>
    <Cell ss:Index="14"><Data ss:Type="Number">0</Data></Cell>
    <Cell><Data ss:Type="Number">0</Data></Cell>
    <Cell ss:Index="17"><Data ss:Type="Number">0</Data></Cell>
    <Cell><Data ss:Type="Number">0.4</Data></Cell>
    <Cell><Data ss:Type="Number">0</Data></Cell>
    <Cell><Data ss:Type="Number">600</Data></Cell>
    <Cell><Data ss:Type="Number">600</Data></Cell>
    <Cell><Data ss:Type="Number">1</Data></Cell>
    <Cell><Data ss:Type="Number">40</Data></Cell>
    <Cell><Data ss:Type="String">unknown</Data></Cell>
    <Cell><Data ss:Type="String">UFOSize.VerySmall</Data></Cell>
    <Cell><Data ss:Type="Number">1</Data></Cell>
    <Cell><Data ss:Type="String">AV.FIGHTERBEAM;AV.FIGHTERMISSILE</Data></Cell>
    <Cell ss:Index="29"><Data ss:Type="String">aircraft/UFOs/fighter</Data></Cell>
    <Cell><Data ss:Type="String">aircraft/aircombat/ufofighter</Data></Cell>
    <Cell><Data ss:Type="Number">75</Data></Cell>
    <Cell ss:StyleID="s28"><Data ss:Type="String">Yes</Data></Cell>
    <Cell><Data ss:Type="Number">1</Data></Cell>
    <Cell><Data ss:Type="String">No</Data></Cell>
    <Cell ss:StyleID="s28"><Data ss:Type="String">No</Data></Cell>
    <Cell><Data ss:Type="String">No</Data></Cell>
    <Cell ss:StyleID="s22"><Data ss:Type="String">1xItems.AlienFighterDatacore;10xItems.Alienalloys</Data></Cell>
    <Cell><Data ss:Type="Number">10</Data></Cell>
    <Cell><Data ss:Type="Number">0</Data></Cell>
   </Row>
   <Row ss:AutoFitHeight="0" ss:Height="15">
    <Cell><Data ss:Type="String">airplane.alien.heavyfighter</Data></Cell>
    <Cell><Data ss:Type="Number">350</Data></Cell>
    <Cell><Data ss:Type="Number">0</Data></Cell>
    <Cell><Data ss:Type="Number">999999</Data></Cell>
    <Cell><Data ss:Type="Number">2800</Data></Cell>
    <Cell><Data ss:Type="Number">600</Data></Cell>
    <Cell><Data ss:Type="Number">9</Data></Cell>
    <Cell><Data ss:Type="Number">60</Data></Cell>
    <Cell><Data ss:Type="Number">0</Data></Cell>
    <Cell><Data ss:Type="Number">0</Data></Cell>
    <Cell><Data ss:Type="Number">4</Data></Cell>
    <Cell><Data ss:Type="Number">0</Data></Cell>
    <Cell><Data ss:Type="String">21,44;47,44</Data></Cell>
    <Cell><Data ss:Type="Number">0</Data></Cell>
    <Cell><Data ss:Type="Number">0</Data></Cell>
    <Cell ss:Index="17"><Data ss:Type="Number">0</Data></Cell>
    <Cell><Data ss:Type="Number">0.4</Data></Cell>
    <Cell><Data ss:Type="Number">0</Data></Cell>
    <Cell><Data ss:Type="Number">900</Data></Cell>
    <Cell><Data ss:Type="Number">900</Data></Cell>
    <Cell><Data ss:Type="Number">1</Data></Cell>
    <Cell><Data ss:Type="Number">40</Data></Cell>
    <Cell><Data ss:Type="String">unknown</Data></Cell>
    <Cell><Data ss:Type="String">UFOSize.VerySmall</Data></Cell>
    <Cell><Data ss:Type="Number">1</Data></Cell>
    <Cell><Data ss:Type="String">AV.HVFIGHTERBEAM;AV.HVFIGHTERBEAM</Data></Cell>
    <Cell ss:Index="29"><Data ss:Type="String">aircraft/UFOs/heavyfighter</Data></Cell>
    <Cell><Data ss:Type="String">aircraft/aircombat/ufoheavyfighter</Data></Cell>
    <Cell><Data ss:Type="Number">100</Data></Cell>
    <Cell ss:StyleID="s28"><Data ss:Type="String">Yes</Data></Cell>
    <Cell><Data ss:Type="Number">1</Data></Cell>
    <Cell><Data ss:Type="String">No</Data></Cell>
    <Cell ss:StyleID="s28"><Data ss:Type="String">No</Data></Cell>
    <Cell><Data ss:Type="String">No</Data></Cell>
    <Cell ss:StyleID="s22"><Data ss:Type="String">1xItems.AlienHeavyFighterDatacore;5xItems.Alenium;20xItems.Alienalloys</Data></Cell>
    <Cell><Data ss:Type="Number">10</Data></Cell>
    <Cell><Data ss:Type="Number">0</Data></Cell>
   </Row>
   <Row>
    <Cell><Data ss:Type="String">airplane.alien.interceptor</Data></Cell>
    <Cell><Data ss:Type="Number">500</Data></Cell>
    <Cell><Data ss:Type="Number">0</Data></Cell>
    <Cell><Data ss:Type="Number">999999</Data></Cell>
    <Cell><Data ss:Type="Number">3800</Data></Cell>
    <Cell><Data ss:Type="Number">600</Data></Cell>
    <Cell><Data ss:Type="Number">120</Data></Cell>
    <Cell><Data ss:Type="Number">60</Data></Cell>
    <Cell><Data ss:Type="Number">0</Data></Cell>
    <Cell><Data ss:Type="Number">0</Data></Cell>
    <Cell><Data ss:Type="Number">4</Data></Cell>
    <Cell><Data ss:Type="Number">0</Data></Cell>
    <Cell ss:Index="14"><Data ss:Type="Number">0</Data></Cell>
    <Cell><Data ss:Type="Number">0</Data></Cell>
    <Cell ss:Index="17"><Data ss:Type="Number">0</Data></Cell>
    <Cell><Data ss:Type="Number">0.4</Data></Cell>
    <Cell><Data ss:Type="Number">0</Data></Cell>
    <Cell><Data ss:Type="Number">900</Data></Cell>
    <Cell><Data ss:Type="Number">900</Data></Cell>
    <Cell><Data ss:Type="Number">1</Data></Cell>
    <Cell><Data ss:Type="Number">40</Data></Cell>
    <Cell><Data ss:Type="String">unknown</Data></Cell>
    <Cell><Data ss:Type="String">UFOSize.VerySmall</Data></Cell>
    <Cell><Data ss:Type="Number">1</Data></Cell>
    <Cell><Data ss:Type="String">AV.INTERCEPTORBEAM;AV.INTERCEPTORMISSILE</Data></Cell>
    <Cell ss:Index="29"><Data ss:Type="String">aircraft/UFOs/interceptor</Data></Cell>
    <Cell><Data ss:Type="String">aircraft/aircombat/ufointerceptor</Data></Cell>
    <Cell><Data ss:Type="Number">100</Data></Cell>
    <Cell ss:StyleID="s28"><Data ss:Type="String">Yes</Data></Cell>
    <Cell><Data ss:Type="Number">1</Data></Cell>
    <Cell><Data ss:Type="String">No</Data></Cell>
    <Cell ss:StyleID="s28"><Data ss:Type="String">No</Data></Cell>
    <Cell><Data ss:Type="String">No</Data></Cell>
    <Cell ss:StyleID="s32"><Data ss:Type="String">1xItems.AlienInterceptorDatacore;20xItems.Alenium;40xItems.Alienalloys</Data></Cell>
    <Cell><Data ss:Type="Number">10</Data></Cell>
    <Cell><Data ss:Type="Number">0</Data></Cell>
   </Row>
   <Row ss:AutoFitHeight="0" ss:Height="15">
    <Cell><Data ss:Type="String">airplane.alien.bomber</Data></Cell>
    <Cell><Data ss:Type="Number">1700</Data></Cell>
    <Cell><Data ss:Type="Number">0</Data></Cell>
    <Cell><Data ss:Type="Number">999999</Data></Cell>
    <Cell><Data ss:Type="Number">1400</Data></Cell>
    <Cell><Data ss:Type="Number">200</Data></Cell>
    <Cell><Data ss:Type="Number">4</Data></Cell>
    <Cell><Data ss:Type="Number">1</Data></Cell>
    <Cell><Data ss:Type="Number">0</Data></Cell>
    <Cell><Data ss:Type="Number">0</Data></Cell>
    <Cell><Data ss:Type="Number">4</Data></Cell>
    <Cell><Data ss:Type="Number">0</Data></Cell>
    <Cell ss:Index="14"><Data ss:Type="Number">0</Data></Cell>
    <Cell><Data ss:Type="Number">0</Data></Cell>
    <Cell ss:Index="17"><Data ss:Type="Number">0</Data></Cell>
    <Cell><Data ss:Type="Number">0.4</Data></Cell>
    <Cell><Data ss:Type="Number">0</Data></Cell>
    <Cell><Data ss:Type="Number">700</Data></Cell>
    <Cell><Data ss:Type="Number">700</Data></Cell>
    <Cell><Data ss:Type="Number">1</Data></Cell>
    <Cell><Data ss:Type="Number">40</Data></Cell>
    <Cell><Data ss:Type="String">unknown</Data></Cell>
    <Cell><Data ss:Type="String">UFOSize.Medium</Data></Cell>
    <Cell><Data ss:Type="Number">1</Data></Cell>
    <Cell><Data ss:Type="String">AV.BOMBERCANNON</Data></Cell>
    <Cell ss:Index="29"><Data ss:Type="String">aircraft/UFOs/bomber</Data></Cell>
    <Cell><Data ss:Type="String">aircraft/aircombat/ufobomber</Data></Cell>
    <Cell><Data ss:Type="Number">150</Data></Cell>
    <Cell ss:StyleID="s28"><Data ss:Type="String">No</Data></Cell>
    <Cell><Data ss:Type="Number">1</Data></Cell>
    <Cell><Data ss:Type="String">No</Data></Cell>
    <Cell ss:StyleID="s28"><Data ss:Type="String">No</Data></Cell>
    <Cell><Data ss:Type="String">No</Data></Cell>
    <Cell ss:StyleID="s22"><Data ss:Type="String">1xItems.AlienBomberDatacore;50xItems.Alenium;60xItems.Alienalloys</Data></Cell>
    <Cell><Data ss:Type="Number">80</Data></Cell>
    <Cell><Data ss:Type="Number">1700</Data></Cell>
   </Row>
   <Row ss:AutoFitHeight="0" ss:Height="15">
    <Cell><Data ss:Type="String">airplane.alien.strikecruiser</Data></Cell>
    <Cell><Data ss:Type="Number">4300</Data></Cell>
    <Cell><Data ss:Type="Number">0</Data></Cell>
    <Cell><Data ss:Type="Number">999999</Data></Cell>
    <Cell><Data ss:Type="Number">2400</Data></Cell>
    <Cell><Data ss:Type="Number">200</Data></Cell>
    <Cell><Data ss:Type="Number">6</Data></Cell>
    <Cell><Data ss:Type="Number">1</Data></Cell>
    <Cell><Data ss:Type="Number">0</Data></Cell>
    <Cell><Data ss:Type="Number">0</Data></Cell>
    <Cell><Data ss:Type="Number">4</Data></Cell>
    <Cell><Data ss:Type="Number">0</Data></Cell>
    <Cell ss:Index="14"><Data ss:Type="Number">0</Data></Cell>
    <Cell><Data ss:Type="Number">0</Data></Cell>
    <Cell ss:Index="17"><Data ss:Type="Number">0</Data></Cell>
    <Cell><Data ss:Type="Number">0.4</Data></Cell>
    <Cell><Data ss:Type="Number">0</Data></Cell>
    <Cell><Data ss:Type="Number">2800</Data></Cell>
    <Cell><Data ss:Type="Number">2800</Data></Cell>
    <Cell><Data ss:Type="Number">1</Data></Cell>
    <Cell><Data ss:Type="Number">40</Data></Cell>
    <Cell><Data ss:Type="String">unknown</Data></Cell>
    <Cell><Data ss:Type="String">UFOSize.Large</Data></Cell>
    <Cell><Data ss:Type="Number">1</Data></Cell>
    <Cell><Data ss:Type="String">AV.STRIKECRUISERBEAM;AV.STRIKECRUISERCANNON</Data></Cell>
    <Cell ss:Index="29"><Data ss:Type="String">aircraft/UFOs/strikecruiser</Data></Cell>
    <Cell><Data ss:Type="String">aircraft/aircombat/ufostrikecruiser</Data></Cell>
    <Cell><Data ss:Type="Number">300</Data></Cell>
    <Cell ss:StyleID="s28"><Data ss:Type="String">No</Data></Cell>
    <Cell><Data ss:Type="Number">1</Data></Cell>
    <Cell><Data ss:Type="String">No</Data></Cell>
    <Cell ss:StyleID="s28"><Data ss:Type="String">No</Data></Cell>
    <Cell><Data ss:Type="String">No</Data></Cell>
    <Cell ss:StyleID="s22"><Data ss:Type="String">1xItems.AlienStrikeCruiserDatacore;80xItems.Alenium;110xItems.Alienalloys</Data></Cell>
    <Cell><Data ss:Type="Number">80</Data></Cell>
    <Cell><Data ss:Type="Number">4300</Data></Cell>
   </Row>
   <Row ss:AutoFitHeight="0" ss:Height="15">
    <Cell><Data ss:Type="String">airplane.alien.lightscout</Data></Cell>
    <Cell><Data ss:Type="Number">350</Data></Cell>
    <Cell><Data ss:Type="Number">0</Data></Cell>
    <Cell><Data ss:Type="Number">999999</Data></Cell>
    <Cell><Data ss:Type="Number">1400</Data></Cell>
    <Cell><Data ss:Type="Number">200</Data></Cell>
    <Cell><Data ss:Type="Number">20</Data></Cell>
    <Cell><Data ss:Type="Number">5</Data></Cell>
    <Cell><Data ss:Type="Number">0</Data></Cell>
    <Cell><Data ss:Type="Number">0</Data></Cell>
    <Cell><Data ss:Type="Number">4</Data></Cell>
    <Cell><Data ss:Type="Number">0</Data></Cell>
    <Cell ss:Index="14"><Data ss:Type="Number">0</Data></Cell>
    <Cell><Data ss:Type="Number">0</Data></Cell>
    <Cell ss:Index="17"><Data ss:Type="Number">0</Data></Cell>
    <Cell><Data ss:Type="Number">0.4</Data></Cell>
    <Cell><Data ss:Type="Number">0</Data></Cell>
    <Cell><Data ss:Type="Number">400</Data></Cell>
    <Cell><Data ss:Type="Number">400</Data></Cell>
    <Cell><Data ss:Type="Number">1</Data></Cell>
    <Cell><Data ss:Type="Number">40</Data></Cell>
    <Cell><Data ss:Type="String">unknown</Data></Cell>
    <Cell><Data ss:Type="String">UFOSize.Small</Data></Cell>
    <Cell><Data ss:Type="Number">1</Data></Cell>
    <Cell><Data ss:Type="String">AV.LIGHTSCOUTBEAM</Data></Cell>
    <Cell ss:Index="29"><Data ss:Type="String">aircraft/UFOs/lightscout</Data></Cell>
    <Cell><Data ss:Type="String">aircraft/aircombat/ufolightscout</Data></Cell>
    <Cell><Data ss:Type="Number">80</Data></Cell>
    <Cell ss:StyleID="s28"><Data ss:Type="String">Yes</Data></Cell>
    <Cell><Data ss:Type="Number">1</Data></Cell>
    <Cell><Data ss:Type="String">Yes</Data></Cell>
    <Cell ss:StyleID="s28"><Data ss:Type="String">No</Data></Cell>
    <Cell><Data ss:Type="String">Yes</Data></Cell>
    <Cell ss:StyleID="s22"><Data ss:Type="String">10xItems.Alenium;20xItems.Alienalloys</Data></Cell>
    <Cell><Data ss:Type="Number">40</Data></Cell>
    <Cell><Data ss:Type="Number">350</Data></Cell>
    <Cell><Data ss:Type="Number">20000</Data></Cell>
   </Row>
   <Row ss:AutoFitHeight="0" ss:Height="15">
    <Cell><Data ss:Type="String">airplane.alien.scout</Data></Cell>
    <Cell><Data ss:Type="Number">900</Data></Cell>
    <Cell><Data ss:Type="Number">0</Data></Cell>
    <Cell><Data ss:Type="Number">999999</Data></Cell>
    <Cell><Data ss:Type="Number">2000</Data></Cell>
    <Cell><Data ss:Type="Number">200</Data></Cell>
    <Cell><Data ss:Type="Number">15</Data></Cell>
    <Cell><Data ss:Type="Number">3</Data></Cell>
    <Cell><Data ss:Type="Number">0</Data></Cell>
    <Cell><Data ss:Type="Number">0</Data></Cell>
    <Cell><Data ss:Type="Number">4</Data></Cell>
    <Cell><Data ss:Type="Number">0</Data></Cell>
    <Cell ss:Index="14"><Data ss:Type="Number">0</Data></Cell>
    <Cell><Data ss:Type="Number">0</Data></Cell>
    <Cell ss:Index="17"><Data ss:Type="Number">0</Data></Cell>
    <Cell><Data ss:Type="Number">0.4</Data></Cell>
    <Cell><Data ss:Type="Number">0</Data></Cell>
    <Cell><Data ss:Type="Number">700</Data></Cell>
    <Cell><Data ss:Type="Number">700</Data></Cell>
    <Cell><Data ss:Type="Number">1</Data></Cell>
    <Cell><Data ss:Type="Number">40</Data></Cell>
    <Cell><Data ss:Type="String">unknown</Data></Cell>
    <Cell><Data ss:Type="String">UFOSize.Small</Data></Cell>
    <Cell><Data ss:Type="Number">1</Data></Cell>
    <Cell><Data ss:Type="String">AV.SCOUTBEAM</Data></Cell>
    <Cell ss:Index="29"><Data ss:Type="String">aircraft/UFOs/scout</Data></Cell>
    <Cell><Data ss:Type="String">aircraft/aircombat/ufoscout</Data></Cell>
    <Cell><Data ss:Type="Number">80</Data></Cell>
    <Cell ss:StyleID="s28"><Data ss:Type="String">No</Data></Cell>
    <Cell><Data ss:Type="Number">1</Data></Cell>
    <Cell><Data ss:Type="String">Yes</Data></Cell>
    <Cell ss:StyleID="s28"><Data ss:Type="String">No</Data></Cell>
    <Cell><Data ss:Type="String">No</Data></Cell>
    <Cell ss:StyleID="s22"><Data ss:Type="String">20xItems.Alenium;40xItems.Alienalloys</Data></Cell>
    <Cell><Data ss:Type="Number">40</Data></Cell>
    <Cell><Data ss:Type="Number">950</Data></Cell>
    <Cell><Data ss:Type="Number">40000</Data></Cell>
   </Row>
   <Row ss:AutoFitHeight="0" ss:Height="15">
    <Cell><Data ss:Type="String">airplane.alien.corvette</Data></Cell>
    <Cell><Data ss:Type="Number">1700</Data></Cell>
    <Cell><Data ss:Type="Number">0</Data></Cell>
    <Cell><Data ss:Type="Number">999999</Data></Cell>
    <Cell><Data ss:Type="Number">1400</Data></Cell>
    <Cell><Data ss:Type="Number">200</Data></Cell>
    <Cell><Data ss:Type="Number">10</Data></Cell>
    <Cell><Data ss:Type="Number">1</Data></Cell>
    <Cell><Data ss:Type="Number">0</Data></Cell>
    <Cell><Data ss:Type="Number">0</Data></Cell>
    <Cell><Data ss:Type="Number">4</Data></Cell>
    <Cell><Data ss:Type="Number">0</Data></Cell>
    <Cell ss:Index="14"><Data ss:Type="Number">0</Data></Cell>
    <Cell><Data ss:Type="Number">0</Data></Cell>
    <Cell ss:Index="17"><Data ss:Type="Number">0</Data></Cell>
    <Cell><Data ss:Type="Number">0.4</Data></Cell>
    <Cell><Data ss:Type="Number">0</Data></Cell>
    <Cell><Data ss:Type="Number">1400</Data></Cell>
    <Cell><Data ss:Type="Number">1400</Data></Cell>
    <Cell><Data ss:Type="Number">1</Data></Cell>
    <Cell><Data ss:Type="Number">40</Data></Cell>
    <Cell><Data ss:Type="String">unknown</Data></Cell>
    <Cell><Data ss:Type="String">UFOSize.Medium</Data></Cell>
    <Cell><Data ss:Type="Number">1</Data></Cell>
    <Cell><Data ss:Type="String">AV.CORVETTEBEAM;AV.CORVETTECANNON</Data></Cell>
    <Cell ss:Index="29"><Data ss:Type="String">aircraft/UFOs/corvette</Data></Cell>
    <Cell><Data ss:Type="String">aircraft/aircombat/ufocorvette</Data></Cell>
    <Cell><Data ss:Type="Number">135</Data></Cell>
    <Cell ss:StyleID="s28"><Data ss:Type="String">No</Data></Cell>
    <Cell><Data ss:Type="Number">1</Data></Cell>
    <Cell><Data ss:Type="String">Yes</Data></Cell>
    <Cell ss:StyleID="s28"><Data ss:Type="String">No</Data></Cell>
    <Cell><Data ss:Type="String">Yes</Data></Cell>
    <Cell ss:StyleID="s22"><Data ss:Type="String">40xItems.Alenium;60xItems.Alienalloys</Data></Cell>
    <Cell><Data ss:Type="Number">40</Data></Cell>
    <Cell><Data ss:Type="Number">1700</Data></Cell>
    <Cell><Data ss:Type="Number">55000</Data></Cell>
   </Row>
   <Row ss:AutoFitHeight="0" ss:Height="15">
    <Cell><Data ss:Type="String">airplane.alien.landingship</Data></Cell>
    <Cell><Data ss:Type="Number">2300</Data></Cell>
    <Cell><Data ss:Type="Number">0</Data></Cell>
    <Cell><Data ss:Type="Number">999999</Data></Cell>
    <Cell><Data ss:Type="Number">1800</Data></Cell>
    <Cell><Data ss:Type="Number">200</Data></Cell>
    <Cell><Data ss:Type="Number">14</Data></Cell>
    <Cell><Data ss:Type="Number">1</Data></Cell>
    <Cell><Data ss:Type="Number">0</Data></Cell>
    <Cell><Data ss:Type="Number">0</Data></Cell>
    <Cell><Data ss:Type="Number">4</Data></Cell>
    <Cell><Data ss:Type="Number">0</Data></Cell>
    <Cell ss:Index="14"><Data ss:Type="Number">0</Data></Cell>
    <Cell><Data ss:Type="Number">0</Data></Cell>
    <Cell ss:Index="17"><Data ss:Type="Number">0</Data></Cell>
    <Cell><Data ss:Type="Number">0.4</Data></Cell>
    <Cell><Data ss:Type="Number">0</Data></Cell>
    <Cell><Data ss:Type="Number">2000</Data></Cell>
    <Cell><Data ss:Type="Number">2000</Data></Cell>
    <Cell><Data ss:Type="Number">1</Data></Cell>
    <Cell><Data ss:Type="Number">40</Data></Cell>
    <Cell><Data ss:Type="String">unknown</Data></Cell>
    <Cell><Data ss:Type="String">UFOSize.Medium</Data></Cell>
    <Cell><Data ss:Type="Number">1</Data></Cell>
    <Cell><Data ss:Type="String">AV.LANDINGSHIPBEAM;AV.LANDINGSHIPCANNON</Data></Cell>
    <Cell ss:Index="29"><Data ss:Type="String">aircraft/UFOs/landingship</Data></Cell>
    <Cell><Data ss:Type="String">aircraft/aircombat/ufolandingship</Data></Cell>
    <Cell><Data ss:Type="Number">200</Data></Cell>
    <Cell ss:StyleID="s28"><Data ss:Type="String">No</Data></Cell>
    <Cell><Data ss:Type="Number">1</Data></Cell>
    <Cell><Data ss:Type="String">Yes</Data></Cell>
    <Cell ss:StyleID="s28"><Data ss:Type="String">No</Data></Cell>
    <Cell><Data ss:Type="String">Yes</Data></Cell>
    <Cell ss:StyleID="s22"><Data ss:Type="String">90xItems.Alenium;160xItems.Alienalloys</Data></Cell>
    <Cell><Data ss:Type="Number">40</Data></Cell>
    <Cell><Data ss:Type="Number">2300</Data></Cell>
    <Cell><Data ss:Type="Number">80000</Data></Cell>
   </Row>
   <Row ss:AutoFitHeight="0" ss:Height="15">
    <Cell><Data ss:Type="String">airplane.alien.cruiser</Data></Cell>
    <Cell><Data ss:Type="Number">3000</Data></Cell>
    <Cell><Data ss:Type="Number">0</Data></Cell>
    <Cell><Data ss:Type="Number">999999</Data></Cell>
    <Cell><Data ss:Type="Number">2400</Data></Cell>
    <Cell><Data ss:Type="Number">200</Data></Cell>
    <Cell><Data ss:Type="Number">17</Data></Cell>
    <Cell><Data ss:Type="Number">2</Data></Cell>
    <Cell><Data ss:Type="Number">0</Data></Cell>
    <Cell><Data ss:Type="Number">0</Data></Cell>
    <Cell><Data ss:Type="Number">4</Data></Cell>
    <Cell><Data ss:Type="Number">0</Data></Cell>
    <Cell ss:Index="14"><Data ss:Type="Number">0</Data></Cell>
    <Cell><Data ss:Type="Number">0</Data></Cell>
    <Cell ss:Index="17"><Data ss:Type="Number">0</Data></Cell>
    <Cell><Data ss:Type="Number">0.4</Data></Cell>
    <Cell><Data ss:Type="Number">0</Data></Cell>
    <Cell><Data ss:Type="Number">2800</Data></Cell>
    <Cell><Data ss:Type="Number">2800</Data></Cell>
    <Cell><Data ss:Type="Number">1</Data></Cell>
    <Cell><Data ss:Type="Number">40</Data></Cell>
    <Cell><Data ss:Type="String">unknown</Data></Cell>
    <Cell><Data ss:Type="String">UFOSize.Large</Data></Cell>
    <Cell><Data ss:Type="Number">1</Data></Cell>
    <Cell><Data ss:Type="String">AV.CRUISERBEAM;AV.CRUISERCANNON</Data></Cell>
    <Cell ss:Index="29"><Data ss:Type="String">aircraft/UFOs/cruiser</Data></Cell>
    <Cell><Data ss:Type="String">aircraft/aircombat/ufocruiser</Data></Cell>
    <Cell><Data ss:Type="Number">300</Data></Cell>
    <Cell ss:StyleID="s28"><Data ss:Type="String">No</Data></Cell>
    <Cell><Data ss:Type="Number">1</Data></Cell>
    <Cell><Data ss:Type="String">Yes</Data></Cell>
    <Cell ss:StyleID="s28"><Data ss:Type="String">No</Data></Cell>
    <Cell><Data ss:Type="String">Yes</Data></Cell>
    <Cell ss:StyleID="s22"><Data ss:Type="String">70xItems.Alenium;80xItems.Alienalloys</Data></Cell>
    <Cell><Data ss:Type="Number">40</Data></Cell>
    <Cell><Data ss:Type="Number">3000</Data></Cell>
    <Cell><Data ss:Type="Number">90000</Data></Cell>
   </Row>
   <Row ss:AutoFitHeight="0" ss:Height="15">
    <Cell><Data ss:Type="String">airplane.alien.carrier</Data></Cell>
    <Cell><Data ss:Type="Number">4000</Data></Cell>
    <Cell><Data ss:Type="Number">0</Data></Cell>
    <Cell><Data ss:Type="Number">999999</Data></Cell>
    <Cell><Data ss:Type="Number">2800</Data></Cell>
    <Cell><Data ss:Type="Number">200</Data></Cell>
    <Cell><Data ss:Type="Number">22</Data></Cell>
    <Cell><Data ss:Type="Number">2</Data></Cell>
    <Cell><Data ss:Type="Number">0</Data></Cell>
    <Cell><Data ss:Type="Number">0</Data></Cell>
    <Cell><Data ss:Type="Number">4</Data></Cell>
    <Cell><Data ss:Type="Number">0</Data></Cell>
    <Cell ss:Index="14"><Data ss:Type="Number">0</Data></Cell>
    <Cell><Data ss:Type="Number">0</Data></Cell>
    <Cell ss:Index="17"><Data ss:Type="Number">0</Data></Cell>
    <Cell><Data ss:Type="Number">0.4</Data></Cell>
    <Cell><Data ss:Type="Number">0</Data></Cell>
    <Cell><Data ss:Type="Number">2700</Data></Cell>
    <Cell><Data ss:Type="Number">2700</Data></Cell>
    <Cell><Data ss:Type="Number">1</Data></Cell>
    <Cell><Data ss:Type="Number">40</Data></Cell>
    <Cell><Data ss:Type="String">unknown</Data></Cell>
    <Cell><Data ss:Type="String">UFOSize.Massive</Data></Cell>
    <Cell><Data ss:Type="Number">1</Data></Cell>
    <Cell><Data ss:Type="String">AV.CARRIERBEAM;AV.CARRIERCANNON</Data></Cell>
    <Cell ss:Index="29"><Data ss:Type="String">aircraft/UFOs/carrier</Data></Cell>
    <Cell><Data ss:Type="String">aircraft/aircombat/ufocarrier</Data></Cell>
    <Cell><Data ss:Type="Number">350</Data></Cell>
    <Cell ss:StyleID="s28"><Data ss:Type="String">No</Data></Cell>
    <Cell><Data ss:Type="Number">1</Data></Cell>
    <Cell><Data ss:Type="String">Yes</Data></Cell>
    <Cell ss:StyleID="s28"><Data ss:Type="String">No</Data></Cell>
    <Cell><Data ss:Type="String">Yes</Data></Cell>
    <Cell ss:StyleID="s22"><Data ss:Type="String">120xItems.Alenium;220xItems.Alienalloys</Data></Cell>
    <Cell><Data ss:Type="Number">40</Data></Cell>
    <Cell><Data ss:Type="Number">4000</Data></Cell>
    <Cell><Data ss:Type="Number">120000</Data></Cell>
   </Row>
   <Row ss:AutoFitHeight="0" ss:Height="15">
    <Cell><Data ss:Type="String">airplane.alien.battleship</Data></Cell>
    <Cell ss:StyleID="s26"><Data ss:Type="Number">7000</Data></Cell>
    <Cell><Data ss:Type="Number">0</Data></Cell>
    <Cell><Data ss:Type="Number">999999</Data></Cell>
    <Cell><Data ss:Type="Number">3300</Data></Cell>
    <Cell><Data ss:Type="Number">200</Data></Cell>
    <Cell><Data ss:Type="Number">28</Data></Cell>
    <Cell><Data ss:Type="Number">3</Data></Cell>
    <Cell><Data ss:Type="Number">0</Data></Cell>
    <Cell><Data ss:Type="Number">0</Data></Cell>
    <Cell><Data ss:Type="Number">4</Data></Cell>
    <Cell><Data ss:Type="Number">0</Data></Cell>
    <Cell ss:Index="14"><Data ss:Type="Number">0</Data></Cell>
    <Cell><Data ss:Type="Number">0</Data></Cell>
    <Cell ss:Index="17"><Data ss:Type="Number">0</Data></Cell>
    <Cell><Data ss:Type="Number">0.4</Data></Cell>
    <Cell><Data ss:Type="Number">0</Data></Cell>
    <Cell><Data ss:Type="Number">3500</Data></Cell>
    <Cell><Data ss:Type="Number">3500</Data></Cell>
    <Cell><Data ss:Type="Number">1</Data></Cell>
    <Cell><Data ss:Type="Number">40</Data></Cell>
    <Cell><Data ss:Type="String">unknown</Data></Cell>
    <Cell><Data ss:Type="String">UFOSize.Massive</Data></Cell>
    <Cell><Data ss:Type="Number">1</Data></Cell>
    <Cell><Data ss:Type="String">AV.BATTLESHIPBEAM;AV.BATTLESHIPCANNON</Data></Cell>
    <Cell ss:Index="29"><Data ss:Type="String">aircraft/UFOs/battleship</Data></Cell>
    <Cell><Data ss:Type="String">aircraft/aircombat/ufobattleship</Data></Cell>
    <Cell><Data ss:Type="Number">400</Data></Cell>
    <Cell ss:StyleID="s28"><Data ss:Type="String">No</Data></Cell>
    <Cell><Data ss:Type="Number">1</Data></Cell>
    <Cell><Data ss:Type="String">Yes</Data></Cell>
    <Cell ss:StyleID="s28"><Data ss:Type="String">No</Data></Cell>
    <Cell><Data ss:Type="String">Yes</Data></Cell>
    <Cell ss:StyleID="s22"><Data ss:Type="String">100xItems.Alenium;300xItems.Alienalloys</Data></Cell>
    <Cell><Data ss:Type="Number">40</Data></Cell>
    <Cell ss:StyleID="s26"><Data ss:Type="Number">7000</Data></Cell>
    <Cell><Data ss:Type="Number">200000</Data></Cell>
   </Row>
   <Row ss:AutoFitHeight="0" ss:Height="15">
    <Cell><Data ss:Type="String">alienbase.small</Data></Cell>
    <Cell><Data ss:Type="Number">1</Data></Cell>
    <Cell><Data ss:Type="Number">0</Data></Cell>
    <Cell><Data ss:Type="Number">1</Data></Cell>
    <Cell><Data ss:Type="Number">1</Data></Cell>
    <Cell><Data ss:Type="Number">1</Data></Cell>
    <Cell><Data ss:Type="Number">1</Data></Cell>
    <Cell><Data ss:Type="Number">1</Data></Cell>
    <Cell><Data ss:Type="Number">0</Data></Cell>
    <Cell><Data ss:Type="Number">0</Data></Cell>
    <Cell><Data ss:Type="Number">0</Data></Cell>
    <Cell><Data ss:Type="Number">0</Data></Cell>
    <Cell ss:Index="14"><Data ss:Type="Number">9999</Data></Cell>
    <Cell><Data ss:Type="Number">9999</Data></Cell>
    <Cell ss:Index="17"><Data ss:Type="Number">1</Data></Cell>
    <Cell><Data ss:Type="Number">1</Data></Cell>
    <Cell ss:StyleID="s26"><Data ss:Type="Number">0</Data></Cell>
    <Cell><Data ss:Type="Number">1</Data></Cell>
    <Cell><Data ss:Type="Number">1</Data></Cell>
    <Cell><Data ss:Type="Number">1</Data></Cell>
    <Cell><Data ss:Type="Number">40</Data></Cell>
    <Cell><Data ss:Type="String">None</Data></Cell>
    <Cell><Data ss:Type="String">None</Data></Cell>
    <Cell><Data ss:Type="Number">1</Data></Cell>
    <Cell ss:Index="29"><Data ss:Type="String">aircraft/chinook</Data></Cell>
    <Cell><Data ss:Type="String">aircraft/aircombat/interceptor</Data></Cell>
    <Cell><Data ss:Type="Number">1</Data></Cell>
    <Cell ss:StyleID="s28"><Data ss:Type="String">No</Data></Cell>
    <Cell><Data ss:Type="Number">1</Data></Cell>
    <Cell><Data ss:Type="String">Yes</Data></Cell>
    <Cell ss:StyleID="s28"><Data ss:Type="String">No</Data></Cell>
    <Cell><Data ss:Type="String">Yes</Data></Cell>
    <Cell ss:StyleID="s22"><Data ss:Type="String">100xItems.Alenium;100xItems.Alienalloys</Data></Cell>
   </Row>
   <Row ss:AutoFitHeight="0" ss:Height="15">
    <Cell><Data ss:Type="String">alienbase.medium</Data></Cell>
    <Cell><Data ss:Type="Number">1</Data></Cell>
    <Cell><Data ss:Type="Number">0</Data></Cell>
    <Cell><Data ss:Type="Number">1</Data></Cell>
    <Cell><Data ss:Type="Number">1</Data></Cell>
    <Cell><Data ss:Type="Number">1</Data></Cell>
    <Cell><Data ss:Type="Number">1</Data></Cell>
    <Cell><Data ss:Type="Number">1</Data></Cell>
    <Cell><Data ss:Type="Number">0</Data></Cell>
    <Cell><Data ss:Type="Number">0</Data></Cell>
    <Cell><Data ss:Type="Number">0</Data></Cell>
    <Cell><Data ss:Type="Number">0</Data></Cell>
    <Cell ss:Index="14"><Data ss:Type="Number">9999</Data></Cell>
    <Cell><Data ss:Type="Number">9999</Data></Cell>
    <Cell ss:Index="17"><Data ss:Type="Number">1</Data></Cell>
    <Cell><Data ss:Type="Number">1</Data></Cell>
    <Cell ss:StyleID="s26"><Data ss:Type="Number">0</Data></Cell>
    <Cell><Data ss:Type="Number">1</Data></Cell>
    <Cell><Data ss:Type="Number">1</Data></Cell>
    <Cell><Data ss:Type="Number">1</Data></Cell>
    <Cell><Data ss:Type="Number">40</Data></Cell>
    <Cell><Data ss:Type="String">None</Data></Cell>
    <Cell><Data ss:Type="String">None</Data></Cell>
    <Cell><Data ss:Type="Number">1</Data></Cell>
    <Cell ss:Index="29"><Data ss:Type="String">aircraft/chinook</Data></Cell>
    <Cell><Data ss:Type="String">aircraft/aircombat/interceptor</Data></Cell>
    <Cell><Data ss:Type="Number">1</Data></Cell>
    <Cell ss:StyleID="s28"><Data ss:Type="String">No</Data></Cell>
    <Cell><Data ss:Type="Number">1</Data></Cell>
    <Cell><Data ss:Type="String">Yes</Data></Cell>
    <Cell ss:StyleID="s28"><Data ss:Type="String">No</Data></Cell>
    <Cell><Data ss:Type="String">Yes</Data></Cell>
    <Cell ss:StyleID="s22"><Data ss:Type="String">200xItems.Alenium;300xItems.Alienalloys</Data></Cell>
   </Row>
   <Row ss:AutoFitHeight="0" ss:Height="15">
    <Cell><Data ss:Type="String">alienbase.large</Data></Cell>
    <Cell><Data ss:Type="Number">1</Data></Cell>
    <Cell><Data ss:Type="Number">0</Data></Cell>
    <Cell><Data ss:Type="Number">1</Data></Cell>
    <Cell><Data ss:Type="Number">1</Data></Cell>
    <Cell><Data ss:Type="Number">1</Data></Cell>
    <Cell><Data ss:Type="Number">1</Data></Cell>
    <Cell><Data ss:Type="Number">1</Data></Cell>
    <Cell><Data ss:Type="Number">0</Data></Cell>
    <Cell><Data ss:Type="Number">0</Data></Cell>
    <Cell><Data ss:Type="Number">0</Data></Cell>
    <Cell><Data ss:Type="Number">0</Data></Cell>
    <Cell ss:Index="14"><Data ss:Type="Number">9999</Data></Cell>
    <Cell><Data ss:Type="Number">9999</Data></Cell>
    <Cell ss:Index="17"><Data ss:Type="Number">1</Data></Cell>
    <Cell><Data ss:Type="Number">1</Data></Cell>
    <Cell ss:StyleID="s26"><Data ss:Type="Number">0</Data></Cell>
    <Cell><Data ss:Type="Number">1</Data></Cell>
    <Cell><Data ss:Type="Number">1</Data></Cell>
    <Cell><Data ss:Type="Number">1</Data></Cell>
    <Cell><Data ss:Type="Number">40</Data></Cell>
    <Cell><Data ss:Type="String">None</Data></Cell>
    <Cell><Data ss:Type="String">None</Data></Cell>
    <Cell><Data ss:Type="Number">1</Data></Cell>
    <Cell ss:Index="29"><Data ss:Type="String">aircraft/chinook</Data></Cell>
    <Cell><Data ss:Type="String">aircraft/aircombat/interceptor</Data></Cell>
    <Cell><Data ss:Type="Number">1</Data></Cell>
    <Cell ss:StyleID="s28"><Data ss:Type="String">No</Data></Cell>
    <Cell><Data ss:Type="Number">1</Data></Cell>
    <Cell><Data ss:Type="String">Yes</Data></Cell>
    <Cell ss:StyleID="s28"><Data ss:Type="String">No</Data></Cell>
    <Cell><Data ss:Type="String">Yes</Data></Cell>
    <Cell ss:StyleID="s22"><Data ss:Type="String">500xItems.Alenium;700xItems.Alienalloys</Data></Cell>
   </Row>
   <Row>
    <Cell><Data ss:Type="String">airplane.human.saracen</Data></Cell>
    <Cell><Data ss:Type="Number">1</Data></Cell>
    <Cell><Data ss:Type="Number">0</Data></Cell>
    <Cell><Data ss:Type="Number">20000</Data></Cell>
    <Cell><Data ss:Type="Number">2500</Data></Cell>
    <Cell><Data ss:Type="Number">1000</Data></Cell>
    <Cell><Data ss:Type="Number">80</Data></Cell>
    <Cell><Data ss:Type="Number">10</Data></Cell>
    <Cell><Data ss:Type="Number">2</Data></Cell>
    <Cell><Data ss:Type="Number">0</Data></Cell>
    <Cell><Data ss:Type="Number">0</Data></Cell>
    <Cell><Data ss:Type="Number">0</Data></Cell>
    <Cell><Data ss:Type="String">20,44;53,44;33,29</Data></Cell>
    <Cell><Data ss:Type="Number">0</Data></Cell>
    <Cell><Data ss:Type="Number">0</Data></Cell>
    <Cell ss:Index="17"><Data ss:Type="Number">150</Data></Cell>
    <Cell><Data ss:Type="Number">0.4</Data></Cell>
    <Cell ss:StyleID="s26"><Data ss:Type="Number">60000</Data></Cell>
    <Cell><Data ss:Type="Number">19.74</Data></Cell>
    <Cell><Data ss:Type="Number">11.86</Data></Cell>
    <Cell><Data ss:Type="Number">19142</Data></Cell>
    <Cell><Data ss:Type="Number">40</Data></Cell>
    <Cell><Data ss:Type="String">POWERPLANT.AleniumRepulsion</Data></Cell>
    <Cell><Data ss:Type="String">X-37 Corsair</Data></Cell>
    <Cell><Data ss:Type="Number">77900</Data></Cell>
    <Cell><Data ss:Type="String">AV.AUTOCANNON;AV.SIDEWINDER;AV.SIDEWINDER</Data></Cell>
    <Cell><Data ss:Type="String">1000;580;435;90;435;780</Data></Cell>
    <Cell><Data ss:Type="String">aircraft/corsair</Data></Cell>
    <Cell><Data ss:Type="String">aircraft/aircombat/corsair</Data></Cell>
    <Cell><Data ss:Type="Number">70</Data></Cell>
    <Cell ss:StyleID="s28"><Data ss:Type="String">Yes</Data></Cell>
    <Cell><Data ss:Type="Number">1</Data></Cell>
    <Cell><Data ss:Type="String">Yes</Data></Cell>
    <Cell ss:StyleID="s28"><Data ss:Type="String">No</Data></Cell>
    <Cell><Data ss:Type="String">Yes</Data></Cell>
    <Cell ss:Index="39"><Data ss:Type="Number">0</Data></Cell>
   </Row>
   <Row>
    <Cell ss:Index="32" ss:StyleID="s28"/>
    <Cell ss:Index="35" ss:StyleID="s28"/>
    <Cell ss:StyleID="s28"/>
   </Row>
   <Row>
    <Cell ss:Index="32" ss:StyleID="s28"/>
    <Cell ss:Index="35" ss:StyleID="s28"/>
    <Cell ss:StyleID="s28"/>
   </Row>
   <Row ss:Index="32">
    <Cell ss:Index="32" ss:StyleID="s28"/>
    <Cell ss:Index="35" ss:StyleID="s28"/>
    <Cell ss:StyleID="s28"/>
   </Row>
   <Row>
    <Cell ss:Index="32" ss:StyleID="s28"/>
    <Cell ss:Index="35" ss:StyleID="s28"/>
    <Cell ss:StyleID="s28"/>
   </Row>
   <Row>
    <Cell ss:Index="32" ss:StyleID="s28"/>
    <Cell ss:Index="35" ss:StyleID="s28"/>
    <Cell ss:StyleID="s28"/>
   </Row>
   <Row>
    <Cell ss:Index="32" ss:StyleID="s28"/>
    <Cell ss:Index="35" ss:StyleID="s28"/>
    <Cell ss:StyleID="s28"/>
   </Row>
   <Row>
    <Cell ss:Index="32" ss:StyleID="s28"/>
    <Cell ss:Index="35" ss:StyleID="s28"/>
    <Cell ss:StyleID="s28"/>
   </Row>
   <Row>
    <Cell ss:Index="32" ss:StyleID="s28"/>
    <Cell ss:Index="35" ss:StyleID="s28"/>
    <Cell ss:StyleID="s28"/>
   </Row>
   <Row>
    <Cell ss:Index="32" ss:StyleID="s28"/>
    <Cell ss:Index="35" ss:StyleID="s28"/>
    <Cell ss:StyleID="s28"/>
   </Row>
   <Row>
    <Cell ss:Index="32" ss:StyleID="s28"/>
    <Cell ss:Index="35" ss:StyleID="s28"/>
    <Cell ss:StyleID="s28"/>
   </Row>
   <Row>
    <Cell ss:Index="32" ss:StyleID="s28"/>
    <Cell ss:Index="35" ss:StyleID="s28"/>
    <Cell ss:StyleID="s28"/>
   </Row>
   <Row>
    <Cell ss:Index="32" ss:StyleID="s28"/>
    <Cell ss:Index="35" ss:StyleID="s28"/>
    <Cell ss:StyleID="s28"/>
   </Row>
   <Row>
    <Cell ss:Index="32" ss:StyleID="s28"/>
    <Cell ss:Index="35" ss:StyleID="s28"/>
    <Cell ss:StyleID="s28"/>
   </Row>
   <Row>
    <Cell ss:Index="32" ss:StyleID="s28"/>
    <Cell ss:Index="35" ss:StyleID="s28"/>
    <Cell ss:StyleID="s28"/>
   </Row>
   <Row>
    <Cell ss:Index="32" ss:StyleID="s28"/>
    <Cell ss:Index="35" ss:StyleID="s28"/>
    <Cell ss:StyleID="s28"/>
   </Row>
  </Table>
  <WorksheetOptions xmlns="urn:schemas-microsoft-com:office:excel">
   <Print>
    <ValidPrinterInfo/>
    <PaperSizeIndex>9</PaperSizeIndex>
    <HorizontalResolution>300</HorizontalResolution>
    <VerticalResolution>0</VerticalResolution>
   </Print>
   <Zoom>110</Zoom>
   <Selected/>
   <FreezePanes/>
   <FrozenNoSplit/>
   <SplitVertical>1</SplitVertical>
   <LeftColumnRightPane>37</LeftColumnRightPane>
   <ActivePane>1</ActivePane>
   <Panes>
    <Pane>
     <Number>3</Number>
    </Pane>
    <Pane>
     <Number>1</Number>
     <ActiveRow>21</ActiveRow>
     <ActiveCol>40</ActiveCol>
    </Pane>
   </Panes>
   <ProtectObjects>False</ProtectObjects>
   <ProtectScenarios>False</ProtectScenarios>
  </WorksheetOptions>
  <DataValidation xmlns="urn:schemas-microsoft-com:office:excel">
   <Range>R2C34:R11C36,R2C32:R11C32,R13C32,R13C34:R13C36,R15C32:R18C32,R20C32:R26C32,R15C34:R18C36,R20C34:R26C36</Range>
   <Type>List</Type>
   <CellRangeList/>
   <Value>&quot;Yes,No&quot;</Value>
   <ErrorMessage>Please use the combo to enter the value.</ErrorMessage>
   <ErrorTitle>Invalid value.</ErrorTitle>
  </DataValidation>
 </Worksheet>
</Workbook>
