<?xml version="1.0"?>
<?mso-application progid="Excel.Sheet"?>
<Workbook xmlns="urn:schemas-microsoft-com:office:spreadsheet"
 xmlns:o="urn:schemas-microsoft-com:office:office"
 xmlns:x="urn:schemas-microsoft-com:office:excel"
 xmlns:ss="urn:schemas-microsoft-com:office:spreadsheet"
 xmlns:html="http://www.w3.org/TR/REC-html40">
 <DocumentProperties xmlns="urn:schemas-microsoft-com:office:office">
  <Author>Chris</Author>
  <LastAuthor>DUman</LastAuthor>
  <Created>2014-06-16T07:39:53Z</Created>
  <LastSaved>2014-07-06T15:07:22Z</LastSaved>
  <Version>11.9999</Version>
 </DocumentProperties>
 <OfficeDocumentSettings xmlns="urn:schemas-microsoft-com:office:office">
  <DownloadComponents/>
  <LocationOfComponents HRef="/"/>
 </OfficeDocumentSettings>
 <ExcelWorkbook xmlns="urn:schemas-microsoft-com:office:excel">
  <WindowHeight>8610</WindowHeight>
  <WindowWidth>14355</WindowWidth>
  <WindowTopX>360</WindowTopX>
  <WindowTopY>255</WindowTopY>
  <RefModeR1C1/>
  <ProtectStructure>False</ProtectStructure>
  <ProtectWindows>False</ProtectWindows>
 </ExcelWorkbook>
 <Styles>
  <Style ss:ID="Default" ss:Name="Normal">
   <Alignment ss:Vertical="Bottom"/>
   <Borders/>
   <Font x:CharSet="238"/>
   <Interior/>
   <NumberFormat/>
   <Protection/>
  </Style>
  <Style ss:ID="s21">
   <Borders/>
  </Style>
  <Style ss:ID="s22">
   <Alignment ss:Horizontal="Center" ss:Vertical="Center"/>
   <Borders>
    <Border ss:Position="Bottom" ss:LineStyle="Continuous" ss:Weight="3"/>
    <Border ss:Position="Left" ss:LineStyle="Continuous" ss:Weight="3"/>
    <Border ss:Position="Right" ss:LineStyle="Continuous" ss:Weight="3"/>
    <Border ss:Position="Top" ss:LineStyle="Continuous" ss:Weight="3"/>
   </Borders>
   <Interior ss:Color="#C0C0C0" ss:Pattern="Solid"/>
  </Style>
  <Style ss:ID="s23">
   <Alignment ss:Horizontal="Center" ss:Vertical="Center"/>
   <Borders>
    <Border ss:Position="Left" ss:LineStyle="Continuous" ss:Weight="3"/>
    <Border ss:Position="Right" ss:LineStyle="Continuous" ss:Weight="3"/>
   </Borders>
   <Interior ss:Color="#C0C0C0" ss:Pattern="Solid"/>
  </Style>
  <Style ss:ID="s24">
   <Alignment ss:Horizontal="Right" ss:Vertical="Bottom"/>
  </Style>
  <Style ss:ID="s25">
   <Alignment ss:Horizontal="Right" ss:Vertical="Bottom"/>
   <Borders/>
   <Interior/>
  </Style>
  <Style ss:ID="s26">
   <Font x:CharSet="238" x:Family="Swiss"/>
  </Style>
 </Styles>
 <Worksheet ss:Name="Sheet1">
  <Table ss:ExpandedColumnCount="25" ss:ExpandedRowCount="21" x:FullColumns="1"
   x:FullRows="1" ss:DefaultRowHeight="13.3125">
   <Column ss:AutoFitWidth="0" ss:Width="220.5"/>
   <Column ss:AutoFitWidth="0" ss:Width="75" ss:Span="1"/>
   <Column ss:Index="4" ss:AutoFitWidth="0" ss:Width="225.75"/>
   <Column ss:AutoFitWidth="0" ss:Width="75" ss:Span="4"/>
   <Column ss:Index="10" ss:AutoFitWidth="0" ss:Width="78.75"/>
   <Column ss:AutoFitWidth="0" ss:Width="57"/>
   <Column ss:AutoFitWidth="0" ss:Width="75"/>
   <Column ss:AutoFitWidth="0" ss:Width="78"/>
   <Column ss:AutoFitWidth="0" ss:Width="59.25"/>
   <Column ss:AutoFitWidth="0" ss:Width="64.5"/>
   <Column ss:Width="105"/>
   <Column ss:Width="117.75"/>
   <Column ss:AutoFitWidth="0" ss:Width="54.75"/>
   <Column ss:AutoFitWidth="0" ss:Width="64.5"/>
   <Column ss:AutoFitWidth="0" ss:Width="40.5"/>
   <Column ss:AutoFitWidth="0" ss:Width="63.75"/>
   <Column ss:Width="66.75"/>
   <Column ss:Width="67.5"/>
   <Column ss:Width="87.75"/>
   <Column ss:Width="60"/>
   <Row ss:AutoFitHeight="0" ss:Height="14.25" ss:StyleID="s21">
    <Cell ss:StyleID="s22"><Data ss:Type="String">Name</Data></Cell>
    <Cell ss:StyleID="s22"><Data ss:Type="String">Cost</Data></Cell>
    <Cell ss:StyleID="s22"><Data ss:Type="String">Upkeep</Data></Cell>
    <Cell ss:StyleID="s22"><Data ss:Type="String">Texture</Data></Cell>
    <Cell ss:StyleID="s22"><Data ss:Type="String">Construction</Data></Cell>
    <Cell ss:StyleID="s22"><Data ss:Type="String">Size</Data></Cell>
    <Cell ss:StyleID="s22"><Data ss:Type="String">Damage</Data></Cell>
    <Cell ss:StyleID="s22"><Data ss:Type="String">Accuracy</Data></Cell>
    <Cell ss:StyleID="s22"><Data ss:Type="String">TurretLevel</Data></Cell>
    <Cell ss:StyleID="s23"><Data ss:Type="String">CommandCenter</Data></Cell>
    <Cell ss:StyleID="s23"><Data ss:Type="String">LivingSpace</Data></Cell>
    <Cell ss:StyleID="s23"><Data ss:Type="String">ResearchSpace</Data></Cell>
    <Cell ss:StyleID="s23"><Data ss:Type="String">WorkshopSpace</Data></Cell>
    <Cell ss:StyleID="s23"><Data ss:Type="String">MedicSpace</Data></Cell>
    <Cell ss:StyleID="s23"><Data ss:Type="String">MedicalBoost</Data></Cell>
    <Cell ss:StyleID="s23"><Data ss:Type="String">SetResearchEfficiency</Data></Cell>
    <Cell ss:StyleID="s23"><Data ss:Type="String">SetManufactureEfficiency</Data></Cell>
    <Cell ss:StyleID="s23"><Data ss:Type="String">AlienSpace</Data></Cell>
    <Cell ss:StyleID="s23"><Data ss:Type="String">GarageSpace</Data></Cell>
    <Cell ss:StyleID="s23"><Data ss:Type="String">Defence</Data></Cell>
    <Cell ss:StyleID="s23"><Data ss:Type="String">HangarSpace</Data></Cell>
    <Cell ss:StyleID="s23"><Data ss:Type="String">StorageSpace</Data></Cell>
    <Cell ss:StyleID="s23"><Data ss:Type="String">RadarStrength</Data></Cell>
    <Cell ss:StyleID="s23"><Data ss:Type="String">QuantumDecryptor</Data></Cell>
    <Cell ss:StyleID="s23"><Data ss:Type="String">StartingTech</Data></Cell>
   </Row>
   <Row ss:AutoFitHeight="0">
    <Cell><Data ss:Type="String">CommandCenter</Data></Cell>
    <Cell ss:StyleID="s24"><Data ss:Type="Number">0</Data></Cell>
    <Cell ss:StyleID="s24"><Data ss:Type="Number">50000</Data></Cell>
    <Cell ss:StyleID="s24"><Data ss:Type="String">uitextures/buildings/commandcenter</Data></Cell>
    <Cell ss:StyleID="s24"><Data ss:Type="Number">5</Data></Cell>
    <Cell ss:StyleID="s24"><Data ss:Type="String">2;2</Data></Cell>
    <Cell ss:StyleID="s24"><Data ss:Type="Number">0</Data></Cell>
    <Cell ss:StyleID="s24"><Data ss:Type="Number">0</Data></Cell>
    <Cell ss:StyleID="s24"><Data ss:Type="Number">-1</Data></Cell>
    <Cell ss:StyleID="s24"><Data ss:Type="Number">1</Data></Cell>
    <Cell ss:StyleID="s24"><Data ss:Type="Number">20</Data></Cell>
    <Cell ss:StyleID="s24"><Data ss:Type="Number">0</Data></Cell>
    <Cell ss:StyleID="s24"><Data ss:Type="Number">0</Data></Cell>
    <Cell ss:StyleID="s24"><Data ss:Type="Number">0</Data></Cell>
    <Cell ss:StyleID="s24"><Data ss:Type="Number">0</Data></Cell>
    <Cell ss:StyleID="s24"><Data ss:Type="Number">-1</Data></Cell>
    <Cell ss:StyleID="s24"><Data ss:Type="Number">-1</Data></Cell>
    <Cell ss:StyleID="s24"><Data ss:Type="Number">0</Data></Cell>
    <Cell ss:StyleID="s24"><Data ss:Type="Number">0</Data></Cell>
    <Cell ss:StyleID="s24"><Data ss:Type="Number">0</Data></Cell>
    <Cell ss:StyleID="s24"><Data ss:Type="Number">0</Data></Cell>
    <Cell ss:StyleID="s24"><Data ss:Type="Number">0</Data></Cell>
    <Cell ss:StyleID="s24"><Data ss:Type="Number">0</Data></Cell>
    <Cell ss:StyleID="s24"><Data ss:Type="Number">0</Data></Cell>
    <Cell><Data ss:Type="Number">1</Data></Cell>
   </Row>
   <Row ss:AutoFitHeight="0">
    <Cell><Data ss:Type="String">Storeroom</Data></Cell>
    <Cell ss:StyleID="s24"><Data ss:Type="Number">50000</Data></Cell>
    <Cell ss:StyleID="s24"><Data ss:Type="Number">12500</Data></Cell>
    <Cell ss:StyleID="s24"><Data ss:Type="String">uitextures/buildings/storeroom</Data></Cell>
    <Cell ss:StyleID="s24"><Data ss:Type="Number">5</Data></Cell>
    <Cell ss:StyleID="s24"><Data ss:Type="String">1;1</Data></Cell>
    <Cell ss:StyleID="s24"><Data ss:Type="Number">0</Data></Cell>
    <Cell ss:StyleID="s24"><Data ss:Type="Number">0</Data></Cell>
    <Cell ss:StyleID="s24"><Data ss:Type="Number">-1</Data></Cell>
    <Cell ss:StyleID="s24"><Data ss:Type="Number">0</Data></Cell>
    <Cell ss:StyleID="s24"><Data ss:Type="Number">0</Data></Cell>
    <Cell ss:StyleID="s24"><Data ss:Type="Number">0</Data></Cell>
    <Cell ss:StyleID="s24"><Data ss:Type="Number">0</Data></Cell>
    <Cell ss:StyleID="s24"><Data ss:Type="Number">0</Data></Cell>
    <Cell ss:StyleID="s24"><Data ss:Type="Number">0</Data></Cell>
    <Cell ss:StyleID="s24"><Data ss:Type="Number">-1</Data></Cell>
    <Cell ss:StyleID="s24"><Data ss:Type="Number">-1</Data></Cell>
    <Cell ss:StyleID="s24"><Data ss:Type="Number">0</Data></Cell>
    <Cell ss:StyleID="s24"><Data ss:Type="Number">0</Data></Cell>
    <Cell ss:StyleID="s24"><Data ss:Type="Number">0</Data></Cell>
    <Cell ss:StyleID="s24"><Data ss:Type="Number">0</Data></Cell>
    <Cell ss:StyleID="s24"><Data ss:Type="Number">10000</Data></Cell>
    <Cell ss:StyleID="s24"><Data ss:Type="Number">0</Data></Cell>
    <Cell ss:StyleID="s24"><Data ss:Type="Number">0</Data></Cell>
    <Cell><Data ss:Type="Number">1</Data></Cell>
   </Row>
   <Row ss:AutoFitHeight="0">
    <Cell><Data ss:Type="String">LivingQuarters</Data></Cell>
    <Cell ss:StyleID="s24"><Data ss:Type="Number">50000</Data></Cell>
    <Cell ss:StyleID="s24"><Data ss:Type="Number">12500</Data></Cell>
    <Cell ss:StyleID="s24"><Data ss:Type="String">uitextures/buildings/livingquarters</Data></Cell>
    <Cell ss:StyleID="s24"><Data ss:Type="Number">5</Data></Cell>
    <Cell ss:StyleID="s24"><Data ss:Type="String">1;2</Data></Cell>
    <Cell ss:StyleID="s24"><Data ss:Type="Number">0</Data></Cell>
    <Cell ss:StyleID="s24"><Data ss:Type="Number">0</Data></Cell>
    <Cell ss:StyleID="s24"><Data ss:Type="Number">-1</Data></Cell>
    <Cell ss:StyleID="s24"><Data ss:Type="Number">0</Data></Cell>
    <Cell ss:StyleID="s24"><Data ss:Type="Number">200</Data></Cell>
    <Cell ss:StyleID="s24"><Data ss:Type="Number">0</Data></Cell>
    <Cell ss:StyleID="s24"><Data ss:Type="Number">0</Data></Cell>
    <Cell ss:StyleID="s24"><Data ss:Type="Number">0</Data></Cell>
    <Cell ss:StyleID="s24"><Data ss:Type="Number">0</Data></Cell>
    <Cell ss:StyleID="s24"><Data ss:Type="Number">-1</Data></Cell>
    <Cell ss:StyleID="s24"><Data ss:Type="Number">-1</Data></Cell>
    <Cell ss:StyleID="s24"><Data ss:Type="Number">0</Data></Cell>
    <Cell ss:StyleID="s24"><Data ss:Type="Number">0</Data></Cell>
    <Cell ss:StyleID="s24"><Data ss:Type="Number">0</Data></Cell>
    <Cell ss:StyleID="s24"><Data ss:Type="Number">0</Data></Cell>
    <Cell ss:StyleID="s24"><Data ss:Type="Number">0</Data></Cell>
    <Cell ss:StyleID="s24"><Data ss:Type="Number">0</Data></Cell>
    <Cell ss:StyleID="s24"><Data ss:Type="Number">0</Data></Cell>
    <Cell><Data ss:Type="Number">1</Data></Cell>
   </Row>
   <Row ss:AutoFitHeight="0">
    <Cell><Data ss:Type="String">Laboratory</Data></Cell>
    <Cell ss:StyleID="s24"><Data ss:Type="Number">100000</Data></Cell>
    <Cell ss:StyleID="s24"><Data ss:Type="Number">25000</Data></Cell>
    <Cell ss:StyleID="s24"><Data ss:Type="String">uitextures/buildings/laboratory</Data></Cell>
    <Cell ss:StyleID="s24"><Data ss:Type="Number">10</Data></Cell>
    <Cell ss:StyleID="s24"><Data ss:Type="String">1;2</Data></Cell>
    <Cell ss:StyleID="s24"><Data ss:Type="Number">0</Data></Cell>
    <Cell ss:StyleID="s24"><Data ss:Type="Number">0</Data></Cell>
    <Cell ss:StyleID="s24"><Data ss:Type="Number">-1</Data></Cell>
    <Cell ss:StyleID="s25"><Data ss:Type="Number">0</Data></Cell>
    <Cell ss:StyleID="s25"><Data ss:Type="Number">0</Data></Cell>
    <Cell ss:StyleID="s25"><Data ss:Type="Number">90</Data></Cell>
    <Cell ss:StyleID="s25"><Data ss:Type="Number">0</Data></Cell>
    <Cell ss:StyleID="s24"><Data ss:Type="Number">0</Data></Cell>
    <Cell ss:StyleID="s24"><Data ss:Type="Number">0</Data></Cell>
    <Cell ss:StyleID="s24"><Data ss:Type="Number">-1</Data></Cell>
    <Cell ss:StyleID="s24"><Data ss:Type="Number">-1</Data></Cell>
    <Cell ss:StyleID="s24"><Data ss:Type="Number">0</Data></Cell>
    <Cell ss:StyleID="s24"><Data ss:Type="Number">0</Data></Cell>
    <Cell ss:StyleID="s24"><Data ss:Type="Number">0</Data></Cell>
    <Cell ss:StyleID="s24"><Data ss:Type="Number">0</Data></Cell>
    <Cell ss:StyleID="s24"><Data ss:Type="Number">0</Data></Cell>
    <Cell ss:StyleID="s24"><Data ss:Type="Number">0</Data></Cell>
    <Cell ss:StyleID="s24"><Data ss:Type="Number">0</Data></Cell>
    <Cell><Data ss:Type="Number">1</Data></Cell>
   </Row>
   <Row ss:AutoFitHeight="0">
    <Cell ss:StyleID="s26"><Data ss:Type="String">Workshop</Data></Cell>
    <Cell ss:StyleID="s24"><Data ss:Type="Number">100000</Data></Cell>
    <Cell ss:StyleID="s24"><Data ss:Type="Number">25000</Data></Cell>
    <Cell ss:StyleID="s24"><Data ss:Type="String">uitextures/buildings/workshop</Data></Cell>
    <Cell ss:StyleID="s24"><Data ss:Type="Number">10</Data></Cell>
    <Cell ss:StyleID="s24"><Data ss:Type="String">1;2</Data></Cell>
    <Cell ss:StyleID="s24"><Data ss:Type="Number">0</Data></Cell>
    <Cell ss:StyleID="s24"><Data ss:Type="Number">0</Data></Cell>
    <Cell ss:StyleID="s24"><Data ss:Type="Number">-1</Data></Cell>
    <Cell ss:StyleID="s25"><Data ss:Type="Number">0</Data></Cell>
    <Cell ss:StyleID="s25"><Data ss:Type="Number">0</Data></Cell>
    <Cell ss:StyleID="s25"><Data ss:Type="Number">0</Data></Cell>
    <Cell ss:StyleID="s25"><Data ss:Type="Number">90</Data></Cell>
    <Cell ss:StyleID="s24"><Data ss:Type="Number">0</Data></Cell>
    <Cell ss:StyleID="s24"><Data ss:Type="Number">0</Data></Cell>
    <Cell ss:StyleID="s24"><Data ss:Type="Number">-1</Data></Cell>
    <Cell ss:StyleID="s24"><Data ss:Type="Number">-1</Data></Cell>
    <Cell ss:StyleID="s24"><Data ss:Type="Number">0</Data></Cell>
    <Cell ss:StyleID="s24"><Data ss:Type="Number">0</Data></Cell>
    <Cell ss:StyleID="s24"><Data ss:Type="Number">0</Data></Cell>
    <Cell ss:StyleID="s24"><Data ss:Type="Number">0</Data></Cell>
    <Cell ss:StyleID="s24"><Data ss:Type="Number">0</Data></Cell>
    <Cell ss:StyleID="s24"><Data ss:Type="Number">0</Data></Cell>
    <Cell ss:StyleID="s24"><Data ss:Type="Number">0</Data></Cell>
    <Cell><Data ss:Type="Number">1</Data></Cell>
   </Row>
   <Row ss:AutoFitHeight="0">
    <Cell ss:StyleID="s26"><Data ss:Type="String">Radar</Data></Cell>
    <Cell ss:StyleID="s24"><Data ss:Type="Number">250000</Data></Cell>
    <Cell ss:StyleID="s24"><Data ss:Type="Number">50000</Data></Cell>
    <Cell ss:StyleID="s24"><Data ss:Type="String">uitextures/buildings/radar</Data></Cell>
    <Cell ss:StyleID="s24"><Data ss:Type="Number">5</Data></Cell>
    <Cell ss:StyleID="s24"><Data ss:Type="String">1;1</Data></Cell>
    <Cell ss:StyleID="s24"><Data ss:Type="Number">0</Data></Cell>
    <Cell ss:StyleID="s24"><Data ss:Type="Number">0</Data></Cell>
    <Cell ss:StyleID="s24"><Data ss:Type="Number">-1</Data></Cell>
    <Cell ss:StyleID="s25"><Data ss:Type="Number">0</Data></Cell>
    <Cell ss:StyleID="s25"><Data ss:Type="Number">0</Data></Cell>
    <Cell ss:StyleID="s25"><Data ss:Type="Number">0</Data></Cell>
    <Cell ss:StyleID="s25"><Data ss:Type="Number">0</Data></Cell>
    <Cell ss:StyleID="s24"><Data ss:Type="Number">0</Data></Cell>
    <Cell ss:StyleID="s24"><Data ss:Type="Number">0</Data></Cell>
    <Cell ss:StyleID="s24"><Data ss:Type="Number">-1</Data></Cell>
    <Cell ss:StyleID="s24"><Data ss:Type="Number">-1</Data></Cell>
    <Cell ss:StyleID="s24"><Data ss:Type="Number">0</Data></Cell>
    <Cell ss:StyleID="s24"><Data ss:Type="Number">0</Data></Cell>
    <Cell ss:StyleID="s24"><Data ss:Type="Number">0</Data></Cell>
    <Cell ss:StyleID="s24"><Data ss:Type="Number">0</Data></Cell>
    <Cell ss:StyleID="s24"><Data ss:Type="Number">0</Data></Cell>
    <Cell ss:StyleID="s24"><Data ss:Type="Number">1</Data></Cell>
    <Cell ss:StyleID="s24"><Data ss:Type="Number">0</Data></Cell>
    <Cell><Data ss:Type="Number">1</Data></Cell>
   </Row>
   <Row ss:AutoFitHeight="0">
    <Cell ss:StyleID="s26"><Data ss:Type="String">Garage</Data></Cell>
    <Cell ss:StyleID="s24"><Data ss:Type="Number">50000</Data></Cell>
    <Cell ss:StyleID="s24"><Data ss:Type="Number">12500</Data></Cell>
    <Cell ss:StyleID="s24"><Data ss:Type="String">uitextures/buildings/garage</Data></Cell>
    <Cell ss:StyleID="s24"><Data ss:Type="Number">5</Data></Cell>
    <Cell ss:StyleID="s24"><Data ss:Type="String">1;1</Data></Cell>
    <Cell ss:StyleID="s24"><Data ss:Type="Number">0</Data></Cell>
    <Cell ss:StyleID="s24"><Data ss:Type="Number">0</Data></Cell>
    <Cell ss:StyleID="s24"><Data ss:Type="Number">-1</Data></Cell>
    <Cell ss:StyleID="s25"><Data ss:Type="Number">0</Data></Cell>
    <Cell ss:StyleID="s25"><Data ss:Type="Number">0</Data></Cell>
    <Cell ss:StyleID="s25"><Data ss:Type="Number">0</Data></Cell>
    <Cell ss:StyleID="s25"><Data ss:Type="Number">0</Data></Cell>
    <Cell ss:StyleID="s24"><Data ss:Type="Number">0</Data></Cell>
    <Cell ss:StyleID="s24"><Data ss:Type="Number">0</Data></Cell>
    <Cell ss:StyleID="s24"><Data ss:Type="Number">-1</Data></Cell>
    <Cell ss:StyleID="s24"><Data ss:Type="Number">-1</Data></Cell>
    <Cell ss:StyleID="s24"><Data ss:Type="Number">0</Data></Cell>
    <Cell ss:StyleID="s24"><Data ss:Type="Number">3</Data></Cell>
    <Cell ss:StyleID="s24"><Data ss:Type="Number">0</Data></Cell>
    <Cell ss:StyleID="s24"><Data ss:Type="Number">0</Data></Cell>
    <Cell ss:StyleID="s24"><Data ss:Type="Number">0</Data></Cell>
    <Cell ss:StyleID="s24"><Data ss:Type="Number">0</Data></Cell>
    <Cell ss:StyleID="s24"><Data ss:Type="Number">0</Data></Cell>
    <Cell><Data ss:Type="Number">1</Data></Cell>
   </Row>
   <Row ss:AutoFitHeight="0">
    <Cell ss:StyleID="s26"><Data ss:Type="String">Hangar</Data></Cell>
    <Cell ss:StyleID="s24"><Data ss:Type="Number">25000</Data></Cell>
    <Cell ss:StyleID="s24"><Data ss:Type="Number">6250</Data></Cell>
    <Cell ss:StyleID="s24"><Data ss:Type="String">uitextures/buildings/hangar</Data></Cell>
    <Cell ss:StyleID="s24"><Data ss:Type="Number">5</Data></Cell>
    <Cell ss:StyleID="s24"><Data ss:Type="String">1;2</Data></Cell>
    <Cell ss:StyleID="s24"><Data ss:Type="Number">0</Data></Cell>
    <Cell ss:StyleID="s24"><Data ss:Type="Number">0</Data></Cell>
    <Cell ss:StyleID="s24"><Data ss:Type="Number">-1</Data></Cell>
    <Cell ss:StyleID="s25"><Data ss:Type="Number">0</Data></Cell>
    <Cell ss:StyleID="s25"><Data ss:Type="Number">0</Data></Cell>
    <Cell ss:StyleID="s25"><Data ss:Type="Number">0</Data></Cell>
    <Cell ss:StyleID="s25"><Data ss:Type="Number">0</Data></Cell>
    <Cell ss:StyleID="s24"><Data ss:Type="Number">0</Data></Cell>
    <Cell ss:StyleID="s24"><Data ss:Type="Number">0</Data></Cell>
    <Cell ss:StyleID="s24"><Data ss:Type="Number">-1</Data></Cell>
    <Cell ss:StyleID="s24"><Data ss:Type="Number">-1</Data></Cell>
    <Cell ss:StyleID="s24"><Data ss:Type="Number">0</Data></Cell>
    <Cell ss:StyleID="s24"><Data ss:Type="Number">0</Data></Cell>
    <Cell ss:StyleID="s24"><Data ss:Type="Number">0</Data></Cell>
    <Cell ss:StyleID="s24"><Data ss:Type="Number">1</Data></Cell>
    <Cell ss:StyleID="s24"><Data ss:Type="Number">0</Data></Cell>
    <Cell ss:StyleID="s24"><Data ss:Type="Number">0</Data></Cell>
    <Cell ss:StyleID="s24"><Data ss:Type="Number">0</Data></Cell>
    <Cell><Data ss:Type="Number">1</Data></Cell>
   </Row>
   <Row ss:AutoFitHeight="0">
    <Cell ss:StyleID="s26"><Data ss:Type="String">MedicalCenter</Data></Cell>
    <Cell ss:StyleID="s24"><Data ss:Type="Number">50000</Data></Cell>
    <Cell ss:StyleID="s24"><Data ss:Type="Number">12500</Data></Cell>
    <Cell ss:StyleID="s24"><Data ss:Type="String">uitextures/buildings/medicalcenter</Data></Cell>
    <Cell ss:StyleID="s24"><Data ss:Type="Number">5</Data></Cell>
    <Cell ss:StyleID="s24"><Data ss:Type="String">1;1</Data></Cell>
    <Cell ss:StyleID="s24"><Data ss:Type="Number">0</Data></Cell>
    <Cell ss:StyleID="s24"><Data ss:Type="Number">0</Data></Cell>
    <Cell ss:StyleID="s24"><Data ss:Type="Number">-1</Data></Cell>
    <Cell ss:StyleID="s25"><Data ss:Type="Number">0</Data></Cell>
    <Cell ss:StyleID="s25"><Data ss:Type="Number">0</Data></Cell>
    <Cell ss:StyleID="s25"><Data ss:Type="Number">0</Data></Cell>
    <Cell ss:StyleID="s25"><Data ss:Type="Number">0</Data></Cell>
    <Cell ss:StyleID="s24"><Data ss:Type="Number">20</Data></Cell>
    <Cell ss:StyleID="s24"><Data ss:Type="Number">20</Data></Cell>
    <Cell ss:StyleID="s24"><Data ss:Type="Number">-1</Data></Cell>
    <Cell ss:StyleID="s24"><Data ss:Type="Number">-1</Data></Cell>
    <Cell ss:StyleID="s24"><Data ss:Type="Number">0</Data></Cell>
    <Cell ss:StyleID="s24"><Data ss:Type="Number">0</Data></Cell>
    <Cell ss:StyleID="s24"><Data ss:Type="Number">0</Data></Cell>
    <Cell ss:StyleID="s24"><Data ss:Type="Number">0</Data></Cell>
    <Cell ss:StyleID="s24"><Data ss:Type="Number">0</Data></Cell>
    <Cell ss:StyleID="s24"><Data ss:Type="Number">0</Data></Cell>
    <Cell ss:StyleID="s24"><Data ss:Type="Number">0</Data></Cell>
    <Cell><Data ss:Type="Number">1</Data></Cell>
   </Row>
   <Row ss:AutoFitHeight="0">
    <Cell ss:StyleID="s26"><Data ss:Type="String">MissileTurret</Data></Cell>
    <Cell ss:StyleID="s24"><Data ss:Type="Number">50000</Data></Cell>
    <Cell ss:StyleID="s24"><Data ss:Type="Number">12500</Data></Cell>
    <Cell ss:StyleID="s24"><Data ss:Type="String">uitextures/buildings/missileturret</Data></Cell>
    <Cell ss:StyleID="s24"><Data ss:Type="Number">5</Data></Cell>
    <Cell ss:StyleID="s24"><Data ss:Type="String">1;1</Data></Cell>
    <Cell ss:StyleID="s24"><Data ss:Type="Number">3500</Data></Cell>
    <Cell ss:StyleID="s24"><Data ss:Type="Number">90</Data></Cell>
    <Cell ss:StyleID="s24"><Data ss:Type="Number">0</Data></Cell>
    <Cell ss:StyleID="s25"><Data ss:Type="Number">0</Data></Cell>
    <Cell ss:StyleID="s25"><Data ss:Type="Number">0</Data></Cell>
    <Cell ss:StyleID="s25"><Data ss:Type="Number">0</Data></Cell>
    <Cell ss:StyleID="s25"><Data ss:Type="Number">0</Data></Cell>
    <Cell ss:StyleID="s24"><Data ss:Type="Number">0</Data></Cell>
    <Cell ss:StyleID="s24"><Data ss:Type="Number">0</Data></Cell>
    <Cell ss:StyleID="s24"><Data ss:Type="Number">-1</Data></Cell>
    <Cell ss:StyleID="s24"><Data ss:Type="Number">-1</Data></Cell>
    <Cell ss:StyleID="s24"><Data ss:Type="Number">0</Data></Cell>
    <Cell ss:StyleID="s24"><Data ss:Type="Number">0</Data></Cell>
    <Cell ss:StyleID="s24"><Data ss:Type="Number">20</Data></Cell>
    <Cell ss:StyleID="s24"><Data ss:Type="Number">0</Data></Cell>
    <Cell ss:StyleID="s24"><Data ss:Type="Number">0</Data></Cell>
    <Cell ss:StyleID="s24"><Data ss:Type="Number">0</Data></Cell>
    <Cell ss:StyleID="s24"><Data ss:Type="Number">0</Data></Cell>
    <Cell><Data ss:Type="Number">1</Data></Cell>
   </Row>
   <Row ss:AutoFitHeight="0">
    <Cell ss:StyleID="s26"><Data ss:Type="String">LaserTurret</Data></Cell>
    <Cell ss:StyleID="s24"><Data ss:Type="Number">50000</Data></Cell>
    <Cell ss:StyleID="s24"><Data ss:Type="Number">12500</Data></Cell>
    <Cell ss:StyleID="s24"><Data ss:Type="String">uitextures/buildings/laserturret</Data></Cell>
    <Cell ss:StyleID="s24"><Data ss:Type="Number">5</Data></Cell>
    <Cell ss:StyleID="s24"><Data ss:Type="String">1;1</Data></Cell>
    <Cell ss:StyleID="s24"><Data ss:Type="Number">5500</Data></Cell>
    <Cell ss:StyleID="s24"><Data ss:Type="Number">95</Data></Cell>
    <Cell ss:StyleID="s24"><Data ss:Type="Number">1</Data></Cell>
    <Cell ss:StyleID="s25"><Data ss:Type="Number">0</Data></Cell>
    <Cell ss:StyleID="s25"><Data ss:Type="Number">0</Data></Cell>
    <Cell ss:StyleID="s25"><Data ss:Type="Number">0</Data></Cell>
    <Cell ss:StyleID="s25"><Data ss:Type="Number">0</Data></Cell>
    <Cell ss:StyleID="s24"><Data ss:Type="Number">0</Data></Cell>
    <Cell ss:StyleID="s24"><Data ss:Type="Number">0</Data></Cell>
    <Cell ss:StyleID="s24"><Data ss:Type="Number">-1</Data></Cell>
    <Cell ss:StyleID="s24"><Data ss:Type="Number">-1</Data></Cell>
    <Cell ss:StyleID="s24"><Data ss:Type="Number">0</Data></Cell>
    <Cell ss:StyleID="s24"><Data ss:Type="Number">0</Data></Cell>
    <Cell ss:StyleID="s24"><Data ss:Type="Number">40</Data></Cell>
    <Cell ss:StyleID="s24"><Data ss:Type="Number">0</Data></Cell>
    <Cell ss:StyleID="s24"><Data ss:Type="Number">0</Data></Cell>
    <Cell ss:StyleID="s24"><Data ss:Type="Number">0</Data></Cell>
    <Cell ss:StyleID="s24"><Data ss:Type="Number">0</Data></Cell>
    <Cell><Data ss:Type="Number">0</Data></Cell>
   </Row>
   <Row ss:AutoFitHeight="0">
    <Cell><Data ss:Type="String">PlasmaTurret</Data></Cell>
    <Cell ss:StyleID="s24"><Data ss:Type="Number">50000</Data></Cell>
    <Cell ss:StyleID="s24"><Data ss:Type="Number">12500</Data></Cell>
    <Cell ss:StyleID="s24"><Data ss:Type="String">uitextures/buildings/plasmaturret</Data></Cell>
    <Cell ss:StyleID="s24"><Data ss:Type="Number">5</Data></Cell>
    <Cell ss:StyleID="s24"><Data ss:Type="String">1;1</Data></Cell>
    <Cell ss:StyleID="s24"><Data ss:Type="Number">6000</Data></Cell>
    <Cell ss:StyleID="s24"><Data ss:Type="Number">95</Data></Cell>
    <Cell ss:StyleID="s24"><Data ss:Type="Number">2</Data></Cell>
    <Cell ss:StyleID="s25"><Data ss:Type="Number">0</Data></Cell>
    <Cell ss:StyleID="s25"><Data ss:Type="Number">0</Data></Cell>
    <Cell ss:StyleID="s25"><Data ss:Type="Number">0</Data></Cell>
    <Cell ss:StyleID="s25"><Data ss:Type="Number">0</Data></Cell>
    <Cell ss:StyleID="s24"><Data ss:Type="Number">0</Data></Cell>
    <Cell ss:StyleID="s24"><Data ss:Type="Number">0</Data></Cell>
    <Cell ss:StyleID="s24"><Data ss:Type="Number">-1</Data></Cell>
    <Cell ss:StyleID="s24"><Data ss:Type="Number">-1</Data></Cell>
    <Cell ss:StyleID="s24"><Data ss:Type="Number">0</Data></Cell>
    <Cell ss:StyleID="s24"><Data ss:Type="Number">0</Data></Cell>
    <Cell ss:StyleID="s24"><Data ss:Type="Number">60</Data></Cell>
    <Cell ss:StyleID="s24"><Data ss:Type="Number">0</Data></Cell>
    <Cell ss:StyleID="s24"><Data ss:Type="Number">0</Data></Cell>
    <Cell ss:StyleID="s24"><Data ss:Type="Number">0</Data></Cell>
    <Cell ss:StyleID="s24"><Data ss:Type="Number">0</Data></Cell>
    <Cell><Data ss:Type="Number">0</Data></Cell>
   </Row>
   <Row ss:AutoFitHeight="0">
    <Cell><Data ss:Type="String">MAGTurret</Data></Cell>
    <Cell ss:StyleID="s24"><Data ss:Type="Number">50000</Data></Cell>
    <Cell ss:StyleID="s24"><Data ss:Type="Number">12500</Data></Cell>
    <Cell ss:StyleID="s24"><Data ss:Type="String">uitextures/buildings/magturret</Data></Cell>
    <Cell ss:StyleID="s24"><Data ss:Type="Number">5</Data></Cell>
    <Cell ss:StyleID="s24"><Data ss:Type="String">1;1</Data></Cell>
    <Cell ss:StyleID="s24"><Data ss:Type="Number">8000</Data></Cell>
    <Cell ss:StyleID="s24"><Data ss:Type="Number">99</Data></Cell>
    <Cell ss:StyleID="s24"><Data ss:Type="Number">3</Data></Cell>
    <Cell ss:StyleID="s25"><Data ss:Type="Number">0</Data></Cell>
    <Cell ss:StyleID="s25"><Data ss:Type="Number">0</Data></Cell>
    <Cell ss:StyleID="s25"><Data ss:Type="Number">0</Data></Cell>
    <Cell ss:StyleID="s25"><Data ss:Type="Number">0</Data></Cell>
    <Cell ss:StyleID="s24"><Data ss:Type="Number">0</Data></Cell>
    <Cell ss:StyleID="s24"><Data ss:Type="Number">0</Data></Cell>
    <Cell ss:StyleID="s24"><Data ss:Type="Number">-1</Data></Cell>
    <Cell ss:StyleID="s24"><Data ss:Type="Number">-1</Data></Cell>
    <Cell ss:StyleID="s24"><Data ss:Type="Number">0</Data></Cell>
    <Cell ss:StyleID="s24"><Data ss:Type="Number">0</Data></Cell>
    <Cell ss:StyleID="s24"><Data ss:Type="Number">90</Data></Cell>
    <Cell ss:StyleID="s24"><Data ss:Type="Number">0</Data></Cell>
    <Cell ss:StyleID="s24"><Data ss:Type="Number">0</Data></Cell>
    <Cell ss:StyleID="s24"><Data ss:Type="Number">0</Data></Cell>
    <Cell ss:StyleID="s24"><Data ss:Type="Number">0</Data></Cell>
    <Cell><Data ss:Type="Number">0</Data></Cell>
   </Row>
   <Row ss:AutoFitHeight="0">
    <Cell><Data ss:Type="String">ParticleTurret</Data></Cell>
    <Cell ss:StyleID="s24"><Data ss:Type="Number">0</Data></Cell>
    <Cell ss:StyleID="s24"><Data ss:Type="Number">0</Data></Cell>
    <Cell ss:StyleID="s24"><Data ss:Type="String">uitextures/buildings/particleturret</Data></Cell>
    <Cell ss:StyleID="s24"><Data ss:Type="Number">1</Data></Cell>
    <Cell ss:StyleID="s24"><Data ss:Type="String">1;1</Data></Cell>
    <Cell ss:StyleID="s24"><Data ss:Type="Number">4000</Data></Cell>
    <Cell ss:StyleID="s24"><Data ss:Type="Number">50</Data></Cell>
    <Cell ss:StyleID="s24"><Data ss:Type="Number">-1</Data></Cell>
    <Cell ss:StyleID="s25"><Data ss:Type="Number">0</Data></Cell>
    <Cell ss:StyleID="s25"><Data ss:Type="Number">0</Data></Cell>
    <Cell ss:StyleID="s25"><Data ss:Type="Number">0</Data></Cell>
    <Cell ss:StyleID="s25"><Data ss:Type="Number">0</Data></Cell>
    <Cell ss:StyleID="s24"><Data ss:Type="Number">0</Data></Cell>
    <Cell ss:StyleID="s24"><Data ss:Type="Number">0</Data></Cell>
    <Cell ss:StyleID="s24"><Data ss:Type="Number">-1</Data></Cell>
    <Cell ss:StyleID="s24"><Data ss:Type="Number">-1</Data></Cell>
    <Cell ss:StyleID="s24"><Data ss:Type="Number">0</Data></Cell>
    <Cell ss:StyleID="s24"><Data ss:Type="Number">0</Data></Cell>
    <Cell ss:StyleID="s24"><Data ss:Type="Number">0</Data></Cell>
    <Cell ss:StyleID="s24"><Data ss:Type="Number">0</Data></Cell>
    <Cell ss:StyleID="s24"><Data ss:Type="Number">0</Data></Cell>
    <Cell ss:StyleID="s24"><Data ss:Type="Number">0</Data></Cell>
    <Cell ss:StyleID="s24"><Data ss:Type="Number">0</Data></Cell>
    <Cell><Data ss:Type="Number">0</Data></Cell>
   </Row>
   <Row ss:AutoFitHeight="0">
    <Cell><Data ss:Type="String">AlienInterrogationRoom</Data></Cell>
    <Cell ss:StyleID="s24"><Data ss:Type="Number">0</Data></Cell>
    <Cell ss:StyleID="s24"><Data ss:Type="Number">0</Data></Cell>
    <Cell ss:StyleID="s24"><Data ss:Type="String">uitextures/buildings/alieninterrogationroom</Data></Cell>
    <Cell ss:StyleID="s24"><Data ss:Type="Number">1</Data></Cell>
    <Cell ss:StyleID="s24"><Data ss:Type="String">1;1</Data></Cell>
    <Cell ss:StyleID="s24"><Data ss:Type="Number">0</Data></Cell>
    <Cell ss:StyleID="s24"><Data ss:Type="Number">0</Data></Cell>
    <Cell ss:StyleID="s24"><Data ss:Type="Number">-1</Data></Cell>
    <Cell ss:StyleID="s25"><Data ss:Type="Number">0</Data></Cell>
    <Cell ss:StyleID="s25"><Data ss:Type="Number">0</Data></Cell>
    <Cell ss:StyleID="s25"><Data ss:Type="Number">0</Data></Cell>
    <Cell ss:StyleID="s25"><Data ss:Type="Number">0</Data></Cell>
    <Cell ss:StyleID="s24"><Data ss:Type="Number">0</Data></Cell>
    <Cell ss:StyleID="s24"><Data ss:Type="Number">0</Data></Cell>
    <Cell ss:StyleID="s24"><Data ss:Type="Number">-1</Data></Cell>
    <Cell ss:StyleID="s24"><Data ss:Type="Number">-1</Data></Cell>
    <Cell ss:StyleID="s24"><Data ss:Type="Number">0</Data></Cell>
    <Cell ss:StyleID="s24"><Data ss:Type="Number">0</Data></Cell>
    <Cell ss:StyleID="s24"><Data ss:Type="Number">0</Data></Cell>
    <Cell ss:StyleID="s24"><Data ss:Type="Number">0</Data></Cell>
    <Cell ss:StyleID="s24"><Data ss:Type="Number">0</Data></Cell>
    <Cell ss:StyleID="s24"><Data ss:Type="Number">0</Data></Cell>
    <Cell ss:StyleID="s24"><Data ss:Type="Number">0</Data></Cell>
    <Cell><Data ss:Type="Number">0</Data></Cell>
   </Row>
   <Row ss:AutoFitHeight="0">
    <Cell><Data ss:Type="String">LIDARArray</Data></Cell>
    <Cell ss:StyleID="s24"><Data ss:Type="Number">0</Data></Cell>
    <Cell ss:StyleID="s24"><Data ss:Type="Number">0</Data></Cell>
    <Cell ss:StyleID="s24"><Data ss:Type="String">uitextures/buildings/lidararray</Data></Cell>
    <Cell ss:StyleID="s24"><Data ss:Type="Number">1</Data></Cell>
    <Cell ss:StyleID="s24"><Data ss:Type="String">1;1</Data></Cell>
    <Cell ss:StyleID="s24"><Data ss:Type="Number">0</Data></Cell>
    <Cell ss:StyleID="s24"><Data ss:Type="Number">0</Data></Cell>
    <Cell ss:StyleID="s24"><Data ss:Type="Number">-1</Data></Cell>
    <Cell ss:StyleID="s25"><Data ss:Type="Number">0</Data></Cell>
    <Cell ss:StyleID="s25"><Data ss:Type="Number">0</Data></Cell>
    <Cell ss:StyleID="s25"><Data ss:Type="Number">0</Data></Cell>
    <Cell ss:StyleID="s25"><Data ss:Type="Number">0</Data></Cell>
    <Cell ss:StyleID="s24"><Data ss:Type="Number">0</Data></Cell>
    <Cell ss:StyleID="s24"><Data ss:Type="Number">0</Data></Cell>
    <Cell ss:StyleID="s24"><Data ss:Type="Number">-1</Data></Cell>
    <Cell ss:StyleID="s24"><Data ss:Type="Number">-1</Data></Cell>
    <Cell ss:StyleID="s24"><Data ss:Type="Number">0</Data></Cell>
    <Cell ss:StyleID="s24"><Data ss:Type="Number">0</Data></Cell>
    <Cell ss:StyleID="s24"><Data ss:Type="Number">0</Data></Cell>
    <Cell ss:StyleID="s24"><Data ss:Type="Number">0</Data></Cell>
    <Cell ss:StyleID="s24"><Data ss:Type="Number">0</Data></Cell>
    <Cell ss:StyleID="s24"><Data ss:Type="Number">0</Data></Cell>
    <Cell ss:StyleID="s24"><Data ss:Type="Number">0</Data></Cell>
    <Cell><Data ss:Type="Number">0</Data></Cell>
   </Row>
   <Row ss:AutoFitHeight="0">
    <Cell><Data ss:Type="String">QuantumCryptologyCenter</Data></Cell>
    <Cell ss:StyleID="s24"><Data ss:Type="Number">200000</Data></Cell>
    <Cell ss:StyleID="s24"><Data ss:Type="Number">50000</Data></Cell>
    <Cell ss:StyleID="s24"><Data ss:Type="String">uitextures/buildings/quantumcryptologycenter</Data></Cell>
    <Cell ss:StyleID="s24"><Data ss:Type="Number">10</Data></Cell>
    <Cell ss:StyleID="s24"><Data ss:Type="String">1;1</Data></Cell>
    <Cell ss:StyleID="s24"><Data ss:Type="Number">0</Data></Cell>
    <Cell ss:StyleID="s24"><Data ss:Type="Number">0</Data></Cell>
    <Cell ss:StyleID="s24"><Data ss:Type="Number">-1</Data></Cell>
    <Cell ss:StyleID="s25"><Data ss:Type="Number">0</Data></Cell>
    <Cell ss:StyleID="s25"><Data ss:Type="Number">0</Data></Cell>
    <Cell ss:StyleID="s25"><Data ss:Type="Number">0</Data></Cell>
    <Cell ss:StyleID="s25"><Data ss:Type="Number">0</Data></Cell>
    <Cell ss:StyleID="s24"><Data ss:Type="Number">0</Data></Cell>
    <Cell ss:StyleID="s24"><Data ss:Type="Number">0</Data></Cell>
    <Cell ss:StyleID="s24"><Data ss:Type="Number">-1</Data></Cell>
    <Cell ss:StyleID="s24"><Data ss:Type="Number">-1</Data></Cell>
    <Cell ss:StyleID="s24"><Data ss:Type="Number">0</Data></Cell>
    <Cell ss:StyleID="s24"><Data ss:Type="Number">0</Data></Cell>
    <Cell ss:StyleID="s24"><Data ss:Type="Number">0</Data></Cell>
    <Cell ss:StyleID="s24"><Data ss:Type="Number">0</Data></Cell>
    <Cell ss:StyleID="s24"><Data ss:Type="Number">0</Data></Cell>
    <Cell ss:StyleID="s24"><Data ss:Type="Number">5</Data></Cell>
    <Cell ss:StyleID="s24"><Data ss:Type="Number">1</Data></Cell>
    <Cell><Data ss:Type="Number">0</Data></Cell>
   </Row>
   <Row ss:AutoFitHeight="0">
    <Cell><Data ss:Type="String">QuantumLaboratory</Data></Cell>
    <Cell ss:StyleID="s24"><Data ss:Type="Number">100000</Data></Cell>
    <Cell ss:StyleID="s24"><Data ss:Type="Number">25000</Data></Cell>
    <Cell ss:StyleID="s24"><Data ss:Type="String">uitextures/buildings/quantumlaboratory</Data></Cell>
    <Cell ss:StyleID="s24"><Data ss:Type="Number">10</Data></Cell>
    <Cell ss:StyleID="s24"><Data ss:Type="String">1;2</Data></Cell>
    <Cell ss:StyleID="s24"><Data ss:Type="Number">0</Data></Cell>
    <Cell ss:StyleID="s24"><Data ss:Type="Number">0</Data></Cell>
    <Cell ss:StyleID="s24"><Data ss:Type="Number">-1</Data></Cell>
    <Cell ss:StyleID="s25"><Data ss:Type="Number">0</Data></Cell>
    <Cell ss:StyleID="s25"><Data ss:Type="Number">0</Data></Cell>
    <Cell ss:StyleID="s25"><Data ss:Type="Number">90</Data></Cell>
    <Cell ss:StyleID="s25"><Data ss:Type="Number">0</Data></Cell>
    <Cell ss:StyleID="s24"><Data ss:Type="Number">0</Data></Cell>
    <Cell ss:StyleID="s24"><Data ss:Type="Number">0</Data></Cell>
    <Cell ss:StyleID="s24"><Data ss:Type="Number">4</Data></Cell>
    <Cell ss:StyleID="s24"><Data ss:Type="Number">-1</Data></Cell>
    <Cell ss:StyleID="s24"><Data ss:Type="Number">0</Data></Cell>
    <Cell ss:StyleID="s24"><Data ss:Type="Number">0</Data></Cell>
    <Cell ss:StyleID="s24"><Data ss:Type="Number">0</Data></Cell>
    <Cell ss:StyleID="s24"><Data ss:Type="Number">0</Data></Cell>
    <Cell ss:StyleID="s24"><Data ss:Type="Number">0</Data></Cell>
    <Cell ss:StyleID="s24"><Data ss:Type="Number">0</Data></Cell>
    <Cell ss:StyleID="s24"><Data ss:Type="Number">0</Data></Cell>
    <Cell><Data ss:Type="Number">0</Data></Cell>
   </Row>
   <Row ss:AutoFitHeight="0">
    <Cell><Data ss:Type="String">NanotechWorkshop</Data></Cell>
    <Cell ss:StyleID="s24"><Data ss:Type="Number">100000</Data></Cell>
    <Cell ss:StyleID="s24"><Data ss:Type="Number">25000</Data></Cell>
    <Cell ss:StyleID="s24"><Data ss:Type="String">uitextures/buildings/nanotechworkshop</Data></Cell>
    <Cell ss:StyleID="s24"><Data ss:Type="Number">10</Data></Cell>
    <Cell ss:StyleID="s24"><Data ss:Type="String">1;2</Data></Cell>
    <Cell ss:StyleID="s24"><Data ss:Type="Number">0</Data></Cell>
    <Cell ss:StyleID="s24"><Data ss:Type="Number">0</Data></Cell>
    <Cell ss:StyleID="s24"><Data ss:Type="Number">-1</Data></Cell>
    <Cell ss:StyleID="s25"><Data ss:Type="Number">0</Data></Cell>
    <Cell ss:StyleID="s25"><Data ss:Type="Number">0</Data></Cell>
    <Cell ss:StyleID="s25"><Data ss:Type="Number">0</Data></Cell>
    <Cell ss:StyleID="s25"><Data ss:Type="Number">90</Data></Cell>
    <Cell ss:StyleID="s24"><Data ss:Type="Number">0</Data></Cell>
    <Cell ss:StyleID="s24"><Data ss:Type="Number">0</Data></Cell>
    <Cell ss:StyleID="s24"><Data ss:Type="Number">-1</Data></Cell>
    <Cell ss:StyleID="s24"><Data ss:Type="Number">4</Data></Cell>
    <Cell ss:StyleID="s24"><Data ss:Type="Number">0</Data></Cell>
    <Cell ss:StyleID="s24"><Data ss:Type="Number">0</Data></Cell>
    <Cell ss:StyleID="s24"><Data ss:Type="Number">0</Data></Cell>
    <Cell ss:StyleID="s24"><Data ss:Type="Number">0</Data></Cell>
    <Cell ss:StyleID="s24"><Data ss:Type="Number">0</Data></Cell>
    <Cell ss:StyleID="s24"><Data ss:Type="Number">0</Data></Cell>
    <Cell ss:StyleID="s24"><Data ss:Type="Number">0</Data></Cell>
    <Cell><Data ss:Type="Number">0</Data></Cell>
   </Row>
   <Row ss:AutoFitHeight="0">
    <Cell><Data ss:Type="String">BiosurgicalCenter</Data></Cell>
    <Cell ss:StyleID="s24"><Data ss:Type="Number">0</Data></Cell>
    <Cell ss:StyleID="s24"><Data ss:Type="Number">0</Data></Cell>
    <Cell ss:StyleID="s24"><Data ss:Type="String">uitextures/buildings/biosurgicalcenter</Data></Cell>
    <Cell ss:StyleID="s24"><Data ss:Type="Number">1</Data></Cell>
    <Cell ss:StyleID="s24"><Data ss:Type="String">1;1</Data></Cell>
    <Cell ss:StyleID="s24"><Data ss:Type="Number">0</Data></Cell>
    <Cell ss:StyleID="s24"><Data ss:Type="Number">0</Data></Cell>
    <Cell ss:StyleID="s24"><Data ss:Type="Number">-1</Data></Cell>
    <Cell ss:StyleID="s25"><Data ss:Type="Number">0</Data></Cell>
    <Cell ss:StyleID="s25"><Data ss:Type="Number">0</Data></Cell>
    <Cell ss:StyleID="s25"><Data ss:Type="Number">0</Data></Cell>
    <Cell ss:StyleID="s25"><Data ss:Type="Number">0</Data></Cell>
    <Cell ss:StyleID="s24"><Data ss:Type="Number">0</Data></Cell>
    <Cell ss:StyleID="s24"><Data ss:Type="Number">0</Data></Cell>
    <Cell ss:StyleID="s24"><Data ss:Type="Number">-1</Data></Cell>
    <Cell ss:StyleID="s24"><Data ss:Type="Number">-1</Data></Cell>
    <Cell ss:StyleID="s24"><Data ss:Type="Number">0</Data></Cell>
    <Cell ss:StyleID="s24"><Data ss:Type="Number">0</Data></Cell>
    <Cell ss:StyleID="s24"><Data ss:Type="Number">0</Data></Cell>
    <Cell ss:StyleID="s24"><Data ss:Type="Number">0</Data></Cell>
    <Cell ss:StyleID="s24"><Data ss:Type="Number">0</Data></Cell>
    <Cell ss:StyleID="s24"><Data ss:Type="Number">0</Data></Cell>
    <Cell ss:StyleID="s24"><Data ss:Type="Number">0</Data></Cell>
    <Cell><Data ss:Type="Number">0</Data></Cell>
   </Row>
  </Table>
  <WorksheetOptions xmlns="urn:schemas-microsoft-com:office:excel">
   <Unsynced/>
   <Print>
    <ValidPrinterInfo/>
    <PaperSizeIndex>9</PaperSizeIndex>
    <HorizontalResolution>300</HorizontalResolution>
    <VerticalResolution>600</VerticalResolution>
   </Print>
   <Selected/>
   <FreezePanes/>
   <FrozenNoSplit/>
   <SplitHorizontal>1</SplitHorizontal>
   <TopRowBottomPane>1</TopRowBottomPane>
   <ActivePane>2</ActivePane>
   <Panes>
    <Pane>
     <Number>3</Number>
    </Pane>
    <Pane>
     <Number>2</Number>
     <ActiveRow>17</ActiveRow>
     <ActiveCol>4</ActiveCol>
    </Pane>
   </Panes>
   <ProtectObjects>False</ProtectObjects>
   <ProtectScenarios>False</ProtectScenarios>
  </WorksheetOptions>
 </Worksheet>
</Workbook>
