<?xml version="1.0"?>
<GameConfig>

<!-- STARTING MONEY -->
	<startingMoney value="800000000" comment="The Xenonaut funds on new game start (before buying first base)" />
	
  <startingSoldiers value="20" />
  <startingScientists value="90" />
  <startingTechnicians value="90" />
	
<!-- GEOSCAPE RADAR RANGES -->
  <radarRange1  value="1000"  comment="This is the detection range in KM of a base with 1 radar  built." />
  <radarRange2  value="1250" comment="This is the detection range in KM of a base with 2 radars built." />
  <radarRange3  value="1600" comment="This is the detection range in KM of a base with 3 radars built." />
  <trackingRange value="1.8" comment="The radar tracking range multiplier. Radars will continue to track acquired UFOs within this range but will not detect additional UFOs." />
  <showPossibleRadarRanges  value="true" comment="Show what radar ranges a base about to be built would have with 2 and 3 radars." />
	
<!-- AIRCRAFT REFUEL / REARM RATES -->
  <refuelRate  value="0.90"  comment="The percent refueling rate for aircraft" />
  <repairRate  value="0.50" comment="The percent repairing rate for aircraft" />
  <rearmTime   value="5"   comment="Minutes needed to rearm each weapon slot of an airplane" />
  <recoverTime value="12"   comment="Hours needed to recover an airplane from 0% to 1% (Above 1% will use repairRate)" />
  <minHealthToLaunch value="20" comment="The percent of health an airplane must have in order to be able to launch" />
  
 <!-- ITEM TRANSFER COST BETWEEN BASES -->
  <xferCost value="0.01" comment="The transfer cost for an item when it transferred from one base to another. This value is multiplied by the item's sell value." />
  
<!-- SOLDIER GENERATION VARIABLES -->
  <minSoldierAge value="15" comment="The minimal age of a soldier."  />
  <maxSoldierAge value="90" comment="The maximal age of a soldier."  />
  <femaleSoldierChance value="50" comment="The percent chance that a generated soldier is a female" />
  <soldierStats comment="Soldier's stats are generated with values in the specified range."> 
	<actionPoints min="60" max="90" />
	<resilence    min="60" max="90" />
	<strength     min="60" max="90" />
	<accuracy     min="60" max="90" />
	<reflexes     min="60" max="90" />
	<bravery      min="60" max="90" />
  </soldierStats>	
  <startingSoldiersStatBonus value="5" comment="Bonus applied to starting soldiers' stats" />

<!-- OTHER SOLDIER VARIABLES -->
  <!-- soldier carry capacity, which is the maximum carry capacity before getting TU penalties,
  is calculated by doing: BaseSoldierCarryingCapacity + strength * SoldierCarryingCapacityStrengthMul -->
  <BaseSoldierCarryingCapacity value="20" comment="This value is used to calculate soldier carrying capacity." />
  <SoldierCarryingCapacityStrengthMul value="0.5" comment="The percentage of soldier strength used in the carrying capacity formula." />
  <!-- after weigth goes over soldier carry capacity, the TUs will decrease linearly, down to 0 when he has soldierCarryCapacity * limitCarryCapacityMul KGs on his shoulder -->
  <limitCarryCapacityMul value="2.0" comment="Soldier's carry capacity is multiplicated by this number to get the point at which a soldier will be left at 0 TUs" />
  
  
<!-- LOST CONTINENTS LIMIT -->
<!-- Game ends if more than this continents (depending on difficulty setting) are lost to aliens -->
  <lostContinentsLimit>
    <Easy    value="8" />
	<Normal  value="8" />
	<Veteran value="8" />
	<Insane  value="8" />
  </lostContinentsLimit>
  
<!-- AIR COMBAT FUEL BURN RATE -->
  <airCombatFuelBurnRate value="1" comment="This is the multiplier for combat fuel consumption compared to Geoscape travel." />
  
  
 <!-- AFTERBURNER PARAMETERS -->
  <afterBurnerFuelMultiplier  value="1.0"   comment="Afterburner fuel consumption multiplier when active." />
  <afterBurnerSpeedMultiplier value="2.5"   comment="Afterburner speed multiplier." />
  
  
  <maxMissionHumanBaseModifier value = "0" comment = "Add this much to maxMissionCount for every human base on the map" />
	
</GameConfig>
