<?xml version="1.0"?>
<ModInfo>
<Name>Deluxe Geoscape Cheat</Name>
<VisibleName>Deluxe Geoscape Cheat Mod</VisibleName>
<Author>Reactorcore</Author>
<Version>2nd release</Version>
  
<Description>Ridiculous money, tons of loot from UFOs, better stats, epic planes, luxury base buildings, efficient refuel and rearm for planes, mindcontrol psionics nefred to hell and super flares. You're basically swimming in money and alloys, get many quality of life improvements for Geoscape. This is the Deluxe Geoscape Cheat Mod.
</Description>

</ModInfo>
