<?xml version="1.0" encoding="UTF-8" standalone="yes"?>
<Weapons>

  <Weapon MODMERGEATTRIBUTE="name" MODMERGE="update" name="weapon.grenade.flare" bulletType="flare" emptySound="Empty Click 1">
    <props range="32" hands="1" recoil="0" weight="0" isHeavy="0" clipSize="1" reloadAPCost="0" disableDamageScaling="1" throwingRangeModifier="4.0" />
    <SingleShot MODMERGE="update" sound="Weapon Grenade Throw" delay="0.85">
      <Set1 ap="5" accuracy="95" />
    </SingleShot>
    <BurstFire/>
    <GUIImage name="gui/weapons/Flare.png"/>
    <GroundImage name="grounditemimages/grenade_frag.png"/>
    <Ammos>
      <Ammo MODMERGE="update" name="ammo.none" type="energy" damage="10" mitigation="0">
        <Projectile spectre="projectiles/grenades/grenade_flare" speed="1200" />
        <Impact spectre="particles/flare/flare" radius="20" sound="Weapon Stun Grenade" fire="0" />
		<AfterImpact spectre="particles/flare/flare" />
      </Ammo>
    </Ammos>
  </Weapon>
	
</Weapons>



