<?xml version="1.0" encoding="utf-8"?>
<spectre id="farmer" version="1">
	<state id="default" name="robot" pivotX="36" pivotY="67" sortPoint="0.50">
		<anim src="units/xenonaut/armour.sentinel/weapon.MAGrifle/run_w" anim="walk_NY"/>
		<anim src="units/xenonaut/armour.sentinel/weapon.MAGrifle/run_e" anim="walk_K"/>
		<anim src="units/xenonaut/armour.sentinel/weapon.MAGrifle/run_n" anim="walk_E"/>
		<anim src="units/xenonaut/armour.sentinel/weapon.MAGrifle/run_s" anim="walk_D"/>
		<anim src="units/xenonaut/armour.sentinel/weapon.MAGrifle/run_nw" anim="walk_ENY"/>
		<anim src="units/xenonaut/armour.sentinel/weapon.MAGrifle/run_ne" anim="walk_EK"/>
		<anim src="units/xenonaut/armour.sentinel/weapon.MAGrifle/run_sw" anim="walk_DNY"/>
		<anim src="units/xenonaut/armour.sentinel/weapon.MAGrifle/run_se" anim="walk_DK"/>

		<anim src="units/xenonaut/armour.sentinel/weapon.MAGrifle/idle_w" anim="idle_NY"/>
		<anim src="units/xenonaut/armour.sentinel/weapon.MAGrifle/idle_e" anim="idle_K"/>
		<anim src="units/xenonaut/armour.sentinel/weapon.MAGrifle/idle_n" anim="idle_E"/>
		<anim src="units/xenonaut/armour.sentinel/weapon.MAGrifle/idle_s" anim="idle_D"/>
		<anim src="units/xenonaut/armour.sentinel/weapon.MAGrifle/idle_nw" anim="idle_ENY"/>
		<anim src="units/xenonaut/armour.sentinel/weapon.MAGrifle/idle_ne" anim="idle_EK"/>
		<anim src="units/xenonaut/armour.sentinel/weapon.MAGrifle/idle_sw" anim="idle_DNY"/>
		<anim src="units/xenonaut/armour.sentinel/weapon.MAGrifle/idle_se" anim="idle_DK"/>

		<anim src="units/xenonaut/armour.sentinel/weapon.MAGrifle/death_w" anim="death_NY"/>
		<anim src="units/xenonaut/armour.sentinel/weapon.MAGrifle/death_e" anim="death_K"/>
		<anim src="units/xenonaut/armour.sentinel/weapon.MAGrifle/death_n" anim="death_E"/>
		<anim src="units/xenonaut/armour.sentinel/weapon.MAGrifle/death_s" anim="death_D"/>
		<anim src="units/xenonaut/armour.sentinel/weapon.MAGrifle/death_nw" anim="death_ENY"/>
		<anim src="units/xenonaut/armour.sentinel/weapon.MAGrifle/death_ne" anim="death_EK"/>
		<anim src="units/xenonaut/armour.sentinel/weapon.MAGrifle/death_sw" anim="death_DNY"/>
		<anim src="units/xenonaut/armour.sentinel/weapon.MAGrifle/death_se" anim="death_DK"/>

		<anim src="units/xenonaut/armour.sentinel/weapon.MAGrifle/crouch_w" anim="crouch_NY"/>
		<anim src="units/xenonaut/armour.sentinel/weapon.MAGrifle/crouch_e" anim="crouch_K"/>
		<anim src="units/xenonaut/armour.sentinel/weapon.MAGrifle/crouch_n" anim="crouch_E"/>
		<anim src="units/xenonaut/armour.sentinel/weapon.MAGrifle/crouch_s" anim="crouch_D"/>
		<anim src="units/xenonaut/armour.sentinel/weapon.MAGrifle/crouch_nw" anim="crouch_ENY"/>
		<anim src="units/xenonaut/armour.sentinel/weapon.MAGrifle/crouch_ne" anim="crouch_EK"/>
		<anim src="units/xenonaut/armour.sentinel/weapon.MAGrifle/crouch_sw" anim="crouch_DNY"/>
		<anim src="units/xenonaut/armour.sentinel/weapon.MAGrifle/crouch_se" anim="crouch_DK"/>

		<anim src="units/xenonaut/armour.sentinel/weapon.MAGrifle/crouchidle_w" anim="crouchidle_NY"/>
		<anim src="units/xenonaut/armour.sentinel/weapon.MAGrifle/crouchidle_e" anim="crouchidle_K"/>
		<anim src="units/xenonaut/armour.sentinel/weapon.MAGrifle/crouchidle_n" anim="crouchidle_E"/>
		<anim src="units/xenonaut/armour.sentinel/weapon.MAGrifle/crouchidle_s" anim="crouchidle_D"/>
		<anim src="units/xenonaut/armour.sentinel/weapon.MAGrifle/crouchidle_nw" anim="crouchidle_ENY"/>
		<anim src="units/xenonaut/armour.sentinel/weapon.MAGrifle/crouchidle_ne" anim="crouchidle_EK"/>
		<anim src="units/xenonaut/armour.sentinel/weapon.MAGrifle/crouchidle_sw" anim="crouchidle_DNY"/>
		<anim src="units/xenonaut/armour.sentinel/weapon.MAGrifle/crouchidle_se" anim="crouchidle_DK"/>

		<anim src="units/xenonaut/armour.sentinel/weapon.MAGrifle/uncrouch_w" anim="up_NY"/>
		<anim src="units/xenonaut/armour.sentinel/weapon.MAGrifle/uncrouch_e" anim="up_K"/>
		<anim src="units/xenonaut/armour.sentinel/weapon.MAGrifle/uncrouch_n" anim="up_E"/>
		<anim src="units/xenonaut/armour.sentinel/weapon.MAGrifle/uncrouch_s" anim="up_D"/>
		<anim src="units/xenonaut/armour.sentinel/weapon.MAGrifle/uncrouch_nw" anim="up_ENY"/>
		<anim src="units/xenonaut/armour.sentinel/weapon.MAGrifle/uncrouch_ne" anim="up_EK"/>
		<anim src="units/xenonaut/armour.sentinel/weapon.MAGrifle/uncrouch_sw" anim="up_DNY"/>
		<anim src="units/xenonaut/armour.sentinel/weapon.MAGrifle/uncrouch_se" anim="up_DK"/>

		<anim src="units/xenonaut/armour.sentinel/none/grenade_w" anim="grenade_NY"/>
		<anim src="units/xenonaut/armour.sentinel/none/grenade_e" anim="grenade_K"/>
		<anim src="units/xenonaut/armour.sentinel/none/grenade_n" anim="grenade_E"/>
		<anim src="units/xenonaut/armour.sentinel/none/grenade_s" anim="grenade_D"/>
		<anim src="units/xenonaut/armour.sentinel/none/grenade_nw" anim="grenade_ENY"/>
		<anim src="units/xenonaut/armour.sentinel/none/grenade_ne" anim="grenade_EK"/>
		<anim src="units/xenonaut/armour.sentinel/none/grenade_sw" anim="grenade_DNY"/>
		<anim src="units/xenonaut/armour.sentinel/none/grenade_se" anim="grenade_DK"/>

		<anim src="units/xenonaut/armour.sentinel/weapon.MAGrifle/lean_w" anim="leanin_NY"/>
		<anim src="units/xenonaut/armour.sentinel/weapon.MAGrifle/lean_e" anim="leanin_K"/>
		<anim src="units/xenonaut/armour.sentinel/weapon.MAGrifle/lean_n" anim="leanin_E"/>
		<anim src="units/xenonaut/armour.sentinel/weapon.MAGrifle/lean_s" anim="leanin_D"/>
		<anim src="units/xenonaut/armour.sentinel/weapon.MAGrifle/lean_nw" anim="leanin_ENY"/>
		<anim src="units/xenonaut/armour.sentinel/weapon.MAGrifle/lean_ne" anim="leanin_EK"/>
		<anim src="units/xenonaut/armour.sentinel/weapon.MAGrifle/lean_sw" anim="leanin_DNY"/>
		<anim src="units/xenonaut/armour.sentinel/weapon.MAGrifle/lean_se" anim="leanin_DK"/>

		<anim src="units/xenonaut/armour.sentinel/weapon.MAGrifle/unlean_w" anim="leanout_NY"/>
		<anim src="units/xenonaut/armour.sentinel/weapon.MAGrifle/unlean_e" anim="leanout_K"/>
		<anim src="units/xenonaut/armour.sentinel/weapon.MAGrifle/unlean_n" anim="leanout_E"/>
		<anim src="units/xenonaut/armour.sentinel/weapon.MAGrifle/unlean_s" anim="leanout_D"/>
		<anim src="units/xenonaut/armour.sentinel/weapon.MAGrifle/unlean_nw" anim="leanout_ENY"/>
		<anim src="units/xenonaut/armour.sentinel/weapon.MAGrifle/unlean_ne" anim="leanout_EK"/>
		<anim src="units/xenonaut/armour.sentinel/weapon.MAGrifle/unlean_sw" anim="leanout_DNY"/>
		<anim src="units/xenonaut/armour.sentinel/weapon.MAGrifle/unlean_se" anim="leanout_DK"/>

		<anim src="units/xenonaut/armour.sentinel/weapon.MAGrifle/leanidle_w" anim="leanidle_NY"/>
		<anim src="units/xenonaut/armour.sentinel/weapon.MAGrifle/leanidle_e" anim="leanidle_K"/>
		<anim src="units/xenonaut/armour.sentinel/weapon.MAGrifle/leanidle_n" anim="leanidle_E"/>
		<anim src="units/xenonaut/armour.sentinel/weapon.MAGrifle/leanidle_s" anim="leanidle_D"/>
		<anim src="units/xenonaut/armour.sentinel/weapon.MAGrifle/leanidle_nw" anim="leanidle_ENY"/>
		<anim src="units/xenonaut/armour.sentinel/weapon.MAGrifle/leanidle_ne" anim="leanidle_EK"/>
		<anim src="units/xenonaut/armour.sentinel/weapon.MAGrifle/leanidle_sw" anim="leanidle_DNY"/>
		<anim src="units/xenonaut/armour.sentinel/weapon.MAGrifle/leanidle_se" anim="leanidle_DK"/>
    
    <anim src="units/xenonaut/armour.sentinel/weapon.MAGrifle/injured_w" anim="injured_NY"/>
    <anim src="units/xenonaut/armour.sentinel/weapon.MAGrifle/injured_e" anim="injured_K"/>
    <anim src="units/xenonaut/armour.sentinel/weapon.MAGrifle/injured_n" anim="injured_E"/>
    <anim src="units/xenonaut/armour.sentinel/weapon.MAGrifle/injured_s" anim="injured_D"/>
    <anim src="units/xenonaut/armour.sentinel/weapon.MAGrifle/injured_nw" anim="injured_ENY"/>
    <anim src="units/xenonaut/armour.sentinel/weapon.MAGrifle/injured_ne" anim="injured_EK"/>
    <anim src="units/xenonaut/armour.sentinel/weapon.MAGrifle/injured_sw" anim="injured_DNY"/>
    <anim src="units/xenonaut/armour.sentinel/weapon.MAGrifle/injured_se" anim="injured_DK"/>

    <anim src="units/xenonaut/armour.sentinel/weapon.MAGrifle/crouchinjured_w" anim="crouchinjured_NY"/>
    <anim src="units/xenonaut/armour.sentinel/weapon.MAGrifle/crouchinjured_e" anim="crouchinjured_K"/>
    <anim src="units/xenonaut/armour.sentinel/weapon.MAGrifle/crouchinjured_n" anim="crouchinjured_E"/>
    <anim src="units/xenonaut/armour.sentinel/weapon.MAGrifle/crouchinjured_s" anim="crouchinjured_D"/>
    <anim src="units/xenonaut/armour.sentinel/weapon.MAGrifle/crouchinjured_nw" anim="crouchinjured_ENY"/>
    <anim src="units/xenonaut/armour.sentinel/weapon.MAGrifle/crouchinjured_ne" anim="crouchinjured_EK"/>
    <anim src="units/xenonaut/armour.sentinel/weapon.MAGrifle/crouchinjured_sw" anim="crouchinjured_DNY"/>
    <anim src="units/xenonaut/armour.sentinel/weapon.MAGrifle/crouchinjured_se" anim="crouchinjured_DK"/>

		<anim src="units/xenonaut/armour.sentinel/weapon.MAGrifle/singleshoot_w" anim="singleshot_NY"/>
		<anim src="units/xenonaut/armour.sentinel/weapon.MAGrifle/singleshoot_e" anim="singleshot_K"/>
		<anim src="units/xenonaut/armour.sentinel/weapon.MAGrifle/singleshoot_n" anim="singleshot_E"/>
		<anim src="units/xenonaut/armour.sentinel/weapon.MAGrifle/singleshoot_s" anim="singleshot_D"/>
		<anim src="units/xenonaut/armour.sentinel/weapon.MAGrifle/singleshoot_nw" anim="singleshot_ENY"/>
		<anim src="units/xenonaut/armour.sentinel/weapon.MAGrifle/singleshoot_ne" anim="singleshot_EK"/>
		<anim src="units/xenonaut/armour.sentinel/weapon.MAGrifle/singleshoot_sw" anim="singleshot_DNY"/>
		<anim src="units/xenonaut/armour.sentinel/weapon.MAGrifle/singleshoot_se" anim="singleshot_DK"/>

		<anim src="units/xenonaut/armour.sentinel/weapon.MAGrifle/burstshoot_w" anim="burstshot_NY"/>
		<anim src="units/xenonaut/armour.sentinel/weapon.MAGrifle/burstshoot_e" anim="burstshot_K"/>
		<anim src="units/xenonaut/armour.sentinel/weapon.MAGrifle/burstshoot_n" anim="burstshot_E"/>
		<anim src="units/xenonaut/armour.sentinel/weapon.MAGrifle/burstshoot_s" anim="burstshot_D"/>
		<anim src="units/xenonaut/armour.sentinel/weapon.MAGrifle/burstshoot_nw" anim="burstshot_ENY"/>
		<anim src="units/xenonaut/armour.sentinel/weapon.MAGrifle/burstshoot_ne" anim="burstshot_EK"/>
		<anim src="units/xenonaut/armour.sentinel/weapon.MAGrifle/burstshoot_sw" anim="burstshot_DNY"/>
		<anim src="units/xenonaut/armour.sentinel/weapon.MAGrifle/burstshoot_se" anim="burstshot_DK"/>

    <anim src="units/xenonaut/armour.sentinel/weapon.MAGrifle/crouchsingleshoot_w" anim="crouchsingleshot_NY"/>
  	<anim src="units/xenonaut/armour.sentinel/weapon.MAGrifle/crouchsingleshoot_e" anim="crouchsingleshot_K"/>
  	<anim src="units/xenonaut/armour.sentinel/weapon.MAGrifle/crouchsingleshoot_n" anim="crouchsingleshot_E"/>
  	<anim src="units/xenonaut/armour.sentinel/weapon.MAGrifle/crouchsingleshoot_s" anim="crouchsingleshot_D"/>
  	<anim src="units/xenonaut/armour.sentinel/weapon.MAGrifle/crouchsingleshoot_nw" anim="crouchsingleshot_ENY"/>
  	<anim src="units/xenonaut/armour.sentinel/weapon.MAGrifle/crouchsingleshoot_ne" anim="crouchsingleshot_EK"/>
  	<anim src="units/xenonaut/armour.sentinel/weapon.MAGrifle/crouchsingleshoot_sw" anim="crouchsingleshot_DNY"/>
  	<anim src="units/xenonaut/armour.sentinel/weapon.MAGrifle/crouchsingleshoot_se" anim="crouchsingleshot_DK"/>

  	<anim src="units/xenonaut/armour.sentinel/weapon.MAGrifle/crouchburstshoot_w" anim="crouchburstshot_NY"/>
  	<anim src="units/xenonaut/armour.sentinel/weapon.MAGrifle/crouchburstshoot_e" anim="crouchburstshot_K"/>
  	<anim src="units/xenonaut/armour.sentinel/weapon.MAGrifle/crouchburstshoot_n" anim="crouchburstshot_E"/>
 		<anim src="units/xenonaut/armour.sentinel/weapon.MAGrifle/crouchburstshoot_s" anim="crouchburstshot_D"/>
  	<anim src="units/xenonaut/armour.sentinel/weapon.MAGrifle/crouchburstshoot_nw" anim="crouchburstshot_ENY"/>
  	<anim src="units/xenonaut/armour.sentinel/weapon.MAGrifle/crouchburstshoot_ne" anim="crouchburstshot_EK"/>
  	<anim src="units/xenonaut/armour.sentinel/weapon.MAGrifle/crouchburstshoot_sw" anim="crouchburstshot_DNY"/>
  	<anim src="units/xenonaut/armour.sentinel/weapon.MAGrifle/crouchburstshoot_se" anim="crouchburstshot_DK"/>

  	<anim src="units/xenonaut/armour.sentinel/weapon.MAGrifle/vault_w" anim="vault_NY"/>
  	<anim src="units/xenonaut/armour.sentinel/weapon.MAGrifle/vault_e" anim="vault_K"/>
  	<anim src="units/xenonaut/armour.sentinel/weapon.MAGrifle/vault_n" anim="vault_E"/>
 		<anim src="units/xenonaut/armour.sentinel/weapon.MAGrifle/vault_s" anim="vault_D"/>
  	<anim src="units/xenonaut/armour.sentinel/weapon.MAGrifle/vault_nw" anim="vault_ENY"/>
  	<anim src="units/xenonaut/armour.sentinel/weapon.MAGrifle/vault_ne" anim="vault_EK"/>
  	<anim src="units/xenonaut/armour.sentinel/weapon.MAGrifle/vault_sw" anim="vault_DNY"/>
  	<anim src="units/xenonaut/armour.sentinel/weapon.MAGrifle/vault_se" anim="vault_DK"/>

  	<anim src="units/xenonaut/armour.sentinel/none/hover_w" anim="hover_NY"/>
  	<anim src="units/xenonaut/armour.sentinel/none/hover_e" anim="hover_K"/>
  	<anim src="units/xenonaut/armour.sentinel/none/hover_n" anim="hover_E"/>
    <anim src="units/xenonaut/armour.sentinel/none/hover_s" anim="hover_D"/>
  	<anim src="units/xenonaut/armour.sentinel/none/hover_nw" anim="hover_ENY"/>
  	<anim src="units/xenonaut/armour.sentinel/none/hover_ne" anim="hover_EK"/>
  	<anim src="units/xenonaut/armour.sentinel/none/hover_sw" anim="hover_DNY"/>
  	<anim src="units/xenonaut/armour.sentinel/none/hover_se" anim="hover_DK"/>

  	<anim src="units/xenonaut/armour.sentinel/none/prehover_w" anim="prehover_NY"/>
  	<anim src="units/xenonaut/armour.sentinel/none/prehover_e" anim="prehover_K"/>
  	<anim src="units/xenonaut/armour.sentinel/none/prehover_n" anim="prehover_E"/>
    <anim src="units/xenonaut/armour.sentinel/none/prehover_s" anim="prehover_D"/>
  	<anim src="units/xenonaut/armour.sentinel/none/prehover_nw" anim="prehover_ENY"/>
  	<anim src="units/xenonaut/armour.sentinel/none/prehover_ne" anim="prehover_EK"/>
  	<anim src="units/xenonaut/armour.sentinel/none/prehover_sw" anim="prehover_DNY"/>
  	<anim src="units/xenonaut/armour.sentinel/none/prehover_se" anim="prehover_DK"/>

  	<anim src="units/xenonaut/armour.sentinel/none/posthover_w" anim="posthover_NY"/>
  	<anim src="units/xenonaut/armour.sentinel/none/posthover_e" anim="posthover_K"/>
  	<anim src="units/xenonaut/armour.sentinel/none/posthover_n" anim="posthover_E"/>
    <anim src="units/xenonaut/armour.sentinel/none/posthover_s" anim="posthover_D"/>
  	<anim src="units/xenonaut/armour.sentinel/none/posthover_nw" anim="posthover_ENY"/>
  	<anim src="units/xenonaut/armour.sentinel/none/posthover_ne" anim="posthover_EK"/>
  	<anim src="units/xenonaut/armour.sentinel/none/posthover_sw" anim="posthover_DNY"/>
  	<anim src="units/xenonaut/armour.sentinel/none/posthover_se" anim="posthover_DK"/>

	<anim src="units/xenonaut/armour.sentinel/none/melee_w" anim="melee_NY"/>
	<anim src="units/xenonaut/armour.sentinel/none/melee_e" anim="melee_K"/>
	<anim src="units/xenonaut/armour.sentinel/none/melee_n" anim="melee_E"/>
	<anim src="units/xenonaut/armour.sentinel/none/melee_s" anim="melee_D"/>
	<anim src="units/xenonaut/armour.sentinel/none/melee_nw" anim="melee_ENY"/>
	<anim src="units/xenonaut/armour.sentinel/none/melee_ne" anim="melee_EK"/>
	<anim src="units/xenonaut/armour.sentinel/none/melee_sw" anim="melee_DNY"/>
	<anim src="units/xenonaut/armour.sentinel/none/melee_se" anim="melee_DK"/>

	</state>

</spectre>
