<?xml version="1.0"?>
<!DOCTYPE sequence SYSTEM "sidewalkdtd">
<sequence MODMERGEATTRIBUTE="name" MODMERGE="insert" name="particles/gblast/frames/gblast.xml" source="./gblast*.png">
    <img regx="65" regy="74" name="gblast" w="0" h="0" />
    <framelist>
        <frame regx="39" regy="36" x="366" y="661" w="78" h="72" name="gblast0000.png" />
        <frame regx="43" regy="41" x="482" y="652" w="87" h="80" name="gblast0001.png" />
        <frame regx="47" regy="46" x="587" y="648" w="94" h="86" name="gblast0002.png" />
        <frame regx="49" regy="49" x="587" y="556" w="99" h="91" name="gblast0003.png" />
        <frame regx="52" regy="52" x="482" y="556" w="104" h="95" name="gblast0004.png" />
        <frame regx="53" regy="54" x="601" y="451" w="107" h="98" name="gblast0005.png" />
        <frame regx="55" regy="56" x="625" y="0" w="110" h="101" name="gblast0006.png" />
        <frame regx="56" regy="58" x="621" y="115" w="113" h="103" name="gblast0007.png" />
        <frame regx="57" regy="59" x="366" y="451" w="115" h="105" name="gblast0008.png" />
        <frame regx="58" regy="60" x="609" y="342" w="117" h="106" name="gblast0009.png" />
        <frame regx="59" regy="61" x="617" y="229" w="118" h="108" name="gblast0010.png" />
        <frame regx="59" regy="62" x="246" y="342" w="119" h="109" name="gblast0011.png" />
        <frame regx="60" regy="63" x="124" y="569" w="120" h="110" name="gblast0012.png" />
        <frame regx="60" regy="64" x="124" y="456" w="120" h="112" name="gblast0013.png" />
        <frame regx="60" regy="64" x="124" y="343" w="121" h="112" name="gblast0014.png" />
        <frame regx="60" regy="65" x="124" y="229" w="121" h="113" name="gblast0015.png" />
        <frame regx="60" regy="65" x="499" y="115" w="121" h="113" name="gblast0016.png" />
        <frame regx="60" regy="65" x="0" y="575" w="121" h="113" name="gblast0017.png" />
        <frame regx="61" regy="66" x="0" y="460" w="122" h="114" name="gblast0018.png" />
        <frame regx="61" regy="66" x="0" y="230" w="122" h="114" name="gblast0019.png" />
        <frame regx="61" regy="66" x="0" y="345" w="122" h="114" name="gblast0020.png" />
        <frame regx="62" regy="66" x="0" y="115" w="123" h="114" name="gblast0021.png" />
        <frame regx="62" regy="66" x="500" y="0" w="124" h="114" name="gblast0022.png" />
        <frame regx="62" regy="66" x="375" y="0" w="124" h="114" name="gblast0023.png" />
        <frame regx="62" regy="66" x="250" y="0" w="124" h="114" name="gblast0024.png" />
        <frame regx="62" regy="66" x="125" y="0" w="124" h="114" name="gblast0025.png" />
        <frame regx="62" regy="66" x="0" y="0" w="124" h="114" name="gblast0026.png" />
        <frame regx="62" regy="66" x="374" y="115" w="124" h="113" name="gblast0027.png" />
        <frame regx="62" regy="66" x="249" y="115" w="124" h="113" name="gblast0028.png" />
        <frame regx="62" regy="66" x="124" y="115" w="124" h="113" name="gblast0029.png" />
        <frame regx="62" regy="66" x="246" y="229" w="123" h="112" name="gblast0030.png" />
        <frame regx="62" regy="66" x="370" y="229" w="123" h="111" name="gblast0031.png" />
        <frame regx="62" regy="66" x="494" y="229" w="122" h="110" name="gblast0032.png" />
        <frame regx="62" regy="65" x="366" y="342" w="121" h="108" name="gblast0033.png" />
        <frame regx="62" regy="65" x="488" y="342" w="120" h="107" name="gblast0034.png" />
        <frame regx="61" regy="66" x="246" y="452" w="119" h="108" name="gblast0035.png" />
        <frame regx="61" regy="65" x="246" y="561" w="118" h="106" name="gblast0036.png" />
        <frame regx="61" regy="64" x="482" y="451" w="118" h="104" name="gblast0037.png" />
        <frame regx="60" regy="64" x="366" y="557" w="112" h="103" name="gblast0038.png" />
    </framelist>
    <timeline name="main" frametime="50">
        <keyframe frame="1" />
        <keyframe frame="2" />
        <keyframe frame="3" />
        <keyframe frame="4" />
        <keyframe frame="5" />
        <keyframe frame="6" />
        <keyframe frame="7" />
        <keyframe frame="8" />
        <keyframe frame="9" />
        <keyframe frame="10" />
        <keyframe frame="11" />
        <keyframe frame="12" />
        <keyframe frame="13" />
        <keyframe frame="14" />
        <keyframe frame="15" />
        <keyframe frame="16" />
        <keyframe frame="17" />
        <keyframe frame="18" />
        <keyframe frame="19" />
        <keyframe frame="20" />
        <keyframe frame="21" />
        <keyframe frame="22" />
        <keyframe frame="23" />
        <keyframe frame="24" />
        <keyframe frame="25" />
        <keyframe frame="26" />
        <keyframe frame="27" />
        <keyframe frame="28" />
        <keyframe frame="29" />
        <keyframe frame="30" />
        <keyframe frame="31" />
        <keyframe frame="32" />
        <keyframe frame="33" />
        <keyframe frame="34" />
        <keyframe frame="35" />
        <keyframe frame="36" />
        <keyframe frame="37" />
        <keyframe frame="38" />
        <keyframe frame="39" />
    </timeline>
</sequence>
