<?xml version="1.0"?>
<ModInfo>
<Name>Minutemen</Name>
<VisibleName>Minutemen Mod</VisibleName>
<Author>Reactorcore</Author>
<Version>1st release</Version>
  
<Description>Your soldiers get 8000 TUs. Blitz through an entire ground combat mission in one turn, stay out of alien reaction fire, teleport behind aliens and say "pssh, nothing personnel kid" as you pick them off one by one. A power fantasy cheat mod for when you just want to wreck aliens with impunity.
</Description>

</ModInfo>
